full_text;clean_text
@bundJakeSim #ENCHELLA2025 bakal selalu ngebekas di kepala engene sampai kapan pun itu;enchella ngebekas kepala engene
LIHATTT LAYOUT IMUPKU SUDAH DATANG!!! terima kasih kak eileen @moccapucinou yang mengadakan GA special #ENCHELLA2025 dan kucing imut yang ulang tahun tanggal 20 kemarin! #WeavingOurFateswithJAY terima kasih juga kak mimo atas layout imup nan cantik ini @bymimyo https://t.co/XodZhhACYy;lihattt layout imupku terima kasih kak eileen mengadakan ga special enchella kucing imut ulang tanggal kemarin weavingourfateswithjay mimo imup nan cantik
KALIAN LUAR BIASA KEREN BANGET BANGGA BANGET SAMA KALIAN PEN MAKIN BERSINAR MAKIN SUKSES YA KALIAN DAN SEMOGA KEDEPANNYA PUNYA FANS YANG LUAR BIASA BAIK SALING DEWASA+ROYAL JUGA AAMIIN #ENCHELLA #ENCHELLA2025 #ENHYPEN https://t.co/mAt3zMRPyd;keren banget bangga pen bersinar sukses ya semoga kedepannya fans dewasaroyal aamiin enchella enhypen
jjungnyangg #ENHYPEN #JUNGWON #ENCHELLA2025 https://t.co/4xuMH0alTh;jjungnyangg enhypen jungwon enchella
@icefics_ @HalloEnHi2 @ENHYPEN Sana ma pili pls pls. #SUNGHOON #SUNOO #ENCHELLA2025 #Coachella2025 #ENHYPEN @ENHYPEN;ma pili pls sunghoon sunoo enchella coachella enhypen
@Music Wow enhypen #ENHYPEN #ENCHELLA #ENCHELLA2025;wow enhypen enchella
@icefics_ @HalloEnHi2 @ENHYPEN #SUNGHOON #SUNOO #ENCHELLA2025 #Coachella2025 #ENHYPEN @ENHYPEN sana machews jebal;sunghoon sunoo enchella coachella enhypen machews jebal
Sayang-sayangku...liat! @ENHYPEN @ENHYPEN_members #ENCHELLA #ENCHELLA2025 #ENHYPEN #Coachella2025;sayangsayangkuliat enchella enhypen coachella
@icefics_ @HalloEnHi2 @ENHYPEN #SUNGHOON #SUNOO #ENCHELLA2025 #Coachella2025 #ENHYPEN @ENHYPEN Sana ma pick sana ma chews;sunghoon sunoo enchella coachella enhypen ma pick chews
Mantap #ENCHELLA2025;mantap enchella
aaaaa bangga bangettt #ENHYPEN #ENCHELLA2025;aaaaa bangga bangettt enhypen enchella
[RANDOM | 250420] NO ESTOY BIEN Cr. pshoonieyoi „Äê„Äë #Ìù¨Ïäπ #NoDoubt #ENCHELLA2025 #XO #Daydream #OnlyIfYouSayYes @ENHYPEN_members @ENHYPEN https://t.co/v8tGgjpx0B;random no estoy bien cr pshoonieyoi nodoubt enchella xo daydream onlyifyousayyes
 #ENCHELLA #ENCHELLA2025 #ENHYPEN #Loose #Coachella2025 @woniepedia @wonfixation @rockstarikeu mwah https://t.co/PmZhD4cGs4;enchella enhypen loose coachella mwah
ùêíùêÄùêçùêÜùêìùêéùêìùêé Tersedia Games 1. Togel 2. Slot Games 3. Live Games Games Seru dan Kemenangan Real Dibayarkan LUNAS tanpa Cicil. Join Now! https://t.co/azQ3No4Mzb #sangtoto #ENCHELLA #ENHYPEN #englot #ENCHELLA2025 #WrestleMania #WrestleMania41 #RENATACAMPEA #Rosettes #news https://t.co/RdcwAfIgtd;tersedia games togel slot live seru kemenangan real dibayarkan lunas cicil join now sangtoto enchella enhypen englot wrestlemania renatacampea rosettes news
si si pa cuando foto de Jennie x enhypen #JENCHELLA2025 #JENNIE #JENNIECoachella #ENCHELLA2025;si pa cuando foto de jennie x enhypen jenchella jenniecoachella enchella
@YJWLOOKS #ENHYPEN #ENCHELLA #ENCHELLA2025 let's talk about it ampe gumohhh pokoknya;enhypen enchella lets talk about it ampe gumohhh pokoknya
Auranya mahal bgt pen #ENCHELLA #ENCHELLA2025 #ENHYEPN;auranya mahal bgt pen enchella enhyepn
Demi apapun semenjak video jake yg itu lewat di setiap tl gua. GUA BENERAN UDAH GA BISA LIAT DIA SEBAGAI ANAK IMUT LUCU MUNGIEL KECIL CANTIK MENGGEMASKAN LAGI yg aku lihat sekarang hanyalah Big thanks to coachella #ENHYPEN #ENHYPEN_JAKE #ENCHELLA2025 #Choachella2025;apapun semenjak video jake yg tl gua beneran udah ga liat anak imut lucu mungiel cantik menggemaskan lihat big thanks to coachella enhypen enhypenjake enchella choachella
Siapa yang masih belum bisa move on dari penampilan ENHYPEN di Coachella? ENHYPEN x Coachella: Legendaris! #ENHYPEN #ENCHELLA2025 #COACHELLA2025 #JUNGWON #HEESEUNG #JAY #JAKE #SUNGHOON #SUNOO #NI_KI https://t.co/cII0YQB4pq;move on penampilan enhypen coachella x legendaris enchella jungwon heeseung jay jake sunghoon sunoo niki
@findcamie ni-ki #ENCHELLA #ENCHELLA2025 #COACHELLA2025 #ENHYPEN;niki enchella coachella enhypen
@findcamie heeseung #ENCHELLA #ENCHELLA2025 #COACHELLA2025 #ENHYPEN;heeseung enchella coachella enhypen
Cakep bgt #JAKE #ENCHELLA #ENCHELLA2025;cakep bgt jake enchella
Di Enchella week2 ini bner2 dbkin stay terus pantengin duo cwo sendiri Kalian keren banget luar biasa keren enhypen juga keren abis #ENCHELLA #ENCHELLA2025 #ENHYPEN_JAKE #ENHYPEN_JAY #ENHYPEN https://t.co/CxqmvDzjjD;enchella week bner dbkin stay pantengin duo cwo keren banget enhypen abis enhypenjake enhypenjay
Nih 3 manusia kenapa bisa seganteng ini sih setiap gue liat ftonya reflex bilang masyaallah sungguh indah ciptaan mu Tuhan #ENCHELLA #ENHYPEN #ENHYPEN_JAKE #ENHYPEN_JAY #ENHYPEN_HEESEUNG #ENCHELLA2025 https://t.co/izMcyAOW0K;nih manusia seganteng sih gue liat ftonya reflex bilang masyaallah sungguh indah ciptaan mu tuhan enchella enhypen enhypenjake enhypenjay enhypenheeseung
yaaaah leeeeee #HEESEUNG #ENCHELLA #ENCHELLA2025;yaaaah leeeeee heeseung enchella
Riki #NI_KI #ÎãàÌÇ§ #„Éã„Ç≠ #Ë•øÊùëÂäõ #ÏóîÌïòÏù¥Ìîà #ENHYPEN #Coachella2025 #ENCHELLA2025;riki niki enhypen coachella enchella
ayo hit tweet??? #ENHYPEN #ENCHELLA #ENCHELLA2025 #COACHELLA2025 https://t.co/o8F0P3WNCY;ayo hit tweet enhypen enchella coachella
jay ganteng bgt jjr hari ini #ENCHELLA2025;jay ganteng bgt jjr enchella
@hananaayouuii asli njir gua uh mtk juga tapi bodoamat yang menting #ENCHELLA2025 #ENHYPEN #COACHELLA2025;asli njir gua uh mtk bodoamat menting enchella enhypen coachella
Jadi kayak gini yg dinamakan sepi???mamam tuh sepi..!!! #ENHYPEN #ENCHELLA #ENCHELLA2025 #COACHELLA2025 https://t.co/KZgR414TrJ;kayak gini yg dinamakan sepimamam tuh sepi enhypen enchella coachella
maju sini atu atu #JAKE #ENHYPEN #ENHYPEN_JAKE #ENCHELLA2025 https://t.co/zB3UnXElAT;maju atu jake enhypen enhypenjake enchella
Coachella week 2 gebrakannya bukan maen #ENHYPEN #ENCHELLA2025 #COACHELLA2025;coachella week gebrakannya maen enhypen enchella
DAMN...GEMETER DIKIT GAK NGARUH‚ÄçÔ∏è #heejake #ÎùºÎ©¥Ï¶à #ramyonz #ENHYPEN #ÏóîÌïòÏù¥Ìîà #HEESEUNG #Ìù¨Ïäπ #„Éí„Çπ„É≥ #JAKE #Ï†úÏù¥ÌÅ¨ #„Ç∏„Çß„Ç§„ÇØ #ENCHELLA #ENCHELLA2025 https://t.co/6Bb0EwfHvB;damngemeter dikit gak ngaruh heejake ramyonz enhypen heeseung jake enchella
Happy birthday sa bias kong sarap na sarap raw sa sarili eh masarap naman talaga!!! HABADU MY JAYIIII!!!! #ENCHELLA2025 #ENHYPEN #COACHELLA2025 https://t.co/858OP1Cl3u;happy birthday sa bias kong sarap na raw sarili eh masarap naman talaga habadu my jayiiii enchella enhypen coachella
hehe keren.. [MSH GILA SPEECHLESS BGT] #ENHYPEN #ENCHELLA2025 #ENCHELLA #COACHELLA2025;hehe keren msh gila speechless bgt enhypen enchella coachella
Bangga banget gw ama enhypen #ENCHELLA2025;bangga banget gw ama enhypen enchella
Menyarrahh abang kuh #ENCHELLA2025 #ENHYPEN_HEESEUNG #ENHYPEN_JAKE https://t.co/gGwPMEsSEg;menyarrahh abang kuh enchella enhypenheeseung enhypenjake
yEAYYY menamatkan #ENCHELLA2025 met ultahh jeyii ‚ÄçÔ∏è;yeayyy menamatkan enchella met ultahh jeyii
COWO AKU GANTENG BANGET GAKUATTTT #ENCHELLA #ENCHELLA2025 #ENHYPEN https://t.co/VQJUsYXa02;cowo ganteng banget gakuatttt enchella enhypen
GAK KUAT #HOONCELLA #SUNGHOON #ENCHELLA #ENCHELLA2025 #ENHYPEN #ENHYPEN_SUNGHOON;gak kuat hooncella sunghoon enchella enhypen enhypensunghoon
Kesenjangan skor makasih enhypen telah membuat ku good mood di pagi hari makasih Allah telah membuatku puas dengan hasilnya #ENHYPEN #ENCHELLA #ENCHELLA2025 #SUNGHOONRulesCoachella https://t.co/CqB1N2Xzkv;kesenjangan skor makasih enhypen ku good mood pagi allah membuatku puas hasilnya enchella sunghoonrulescoachella
bite me no backtrack sama sekali keren bgt kalian heyy #ENCHELLA #ENCHELLA2025 #ENHYPEN https://t.co/gnZZp1mhVL;bite me no backtrack keren bgt heyy enchella enhypen
OMG ENHYPEN COACHELLA WEEK2 DAH GADA OBAT GILAK MAKIN PECAH #ENCHELLA2025 #ENHYPEN #Coachella2025;omg enhypen coachella week dah gada obat gilak pecah enchella
JUJUR GUE NGAKAK BANGET INI YAALLAH SUNGHOON GUE KEBAKAR MAAP YA ENGENE GUE GAK SENGAJA SUER TERIMALAH PERMINTAAN MAAF DARI PACAR HEESEUNG INI #ENCHELLA2025 #ENHYPEN #SUNGHOON https://t.co/0Gco4dCtij;jujur gue ngakak banget yaallah sunghoon kebakar maap ya engene gak sengaja suer terimalah permintaan maaf pacar heeseung enchella enhypen
Belum ada 1 hari menghadapi jay 23 hybe curse udh mau meninggoy aja‚ÄçÔ∏è‚ÄçÔ∏è #ENHYPEN_JAY #ENCHELLA2025;menghadapi jay hybe curse udh meninggoy aja enhypenjay enchella
PUTANGINAAAA ANG ANGAS NH COACHELLAAAABNSNSBJAKAOEIJEJWN #ENCHELLA #ENCHELLA2025;putanginaaaa ang angas nh coachellaaaabnsnsbjakaoeijejwn enchella
Teriakan Jay yang paling ditunggu!! COACHELLAAAAAAA!! #ENCHELLA2025 #HappyJayDay https://t.co/danYxJRvna;teriakan jay ditunggu coachellaaaaaaa enchella happyjayday
mereka tuh udah keren tp kalo concert live performance + mic on full energy dance a long itu kereen bangetttt. aku kehabisan kata¬≤ buat muji bujang¬≤ ini u guys so crazy i'm dead #ENCHELLA #ENHYPEN #ENCHELLA2025 https://t.co/zZsT0l9KKB;tuh udah keren tp kalo concert live performance mic on full energy dance a long kereen bangetttt kehabisan muji bujang u guys so crazy im dead enchella enhypen
Gila...rambutnya luntur sebadan Gantengnya gak ngotak dah nih anak... #HEESEUNG #ENHYPEN_HEESEUNG #ENCHELLA2025 #Coachella2025 https://t.co/fYOM40sT6e;gilarambutnya luntur sebadan gantengnya gak ngotak dah nih anak heeseung enhypenheeseung enchella coachella
DAH SUDAH CUKUP YA ALLAH #ENCHELLA #ENCHELLA2025 #ENHYPEN #Coachella2025 https://t.co/GCt420pN80;dah ya allah enchella enhypen coachella
Bahkan keringatnya aja warna pink he so sexy #HEESEUNG #ENHYPEN_HEESEUNG #ENCHELLA2025 #Coachella2025;keringatnya aja warna pink he so sexy heeseung enhypenheeseung enchella coachella
Oooo paham gw paham ama konsepnya ini inspired by walid keknya.. jadi kekasih batin gitu oke sip. #ENCHELLA2025 #ENHYPEN https://t.co/ox9mxp7urT;oooo paham gw ama konsepnya inspired by walid keknya kekasih batin gitu oke sip enchella enhypen
Paling ga bisa gua ngeliat jay rambut biasa kek gini ajdjaknsoahsoa ult bias wrecker bgt #ENHYPEN #ENHYPEN_JAY #ENCHELLA2025 #Coachella2025 https://t.co/H8QRIp4SJr;ga gua ngeliat jay rambut kek gini ajdjaknsoahsoa ult bias wrecker bgt enhypen enhypenjay enchella coachella
Galeri gua udh ga bisa di selamatkan lagi #ENHYPEN #ENCHELLA2025 #Coachella2025;galeri gua udh ga selamatkan enhypen enchella coachella
NIII-KIII #ENCHELLA #ENCHELLA2025 https://t.co/HadllnEYTm;niiikiii enchella
ni orang hobi bgt bikin stress engene #ENCHELLA #ENCHELLA2025 https://t.co/s9SC1UVpA1;ni orang hobi bgt bikin stress engene enchella
Aku juga mau di lopein rikiÔ∏èÔ∏èÔ∏èÔ∏èÔ∏è #ENCHELLA2025;lopein riki enchella
MY SHAYLAAAAAA NUNU DEWASA KALOO PAKE HAIRCUT INI WOILAH #ENCHELLA2025 ;my shaylaaaaaa nunu dewasa kaloo pake haircut woilah enchella
JAKET MERAH GACOR EUYYÔ∏è‚Äç #JAKE #ENHYPEN #ENCHELLA2025 https://t.co/7bxy58Nchy;jaket merah gacor euyy jake enhypen enchella
250419 Heeseung Smirk #ENCHELLA2025 #ENCHELLA #ENHYPEN #ENHYPEN_HEESEUNG #HEESEUNG #Ïù¥Ìù¨Ïäπ https://t.co/n4wwY3Iunu;heeseung smirk enchella enhypen enhypenheeseung
keren keren banget cowoku #ENCHELLA #ENHYPEN #ENCHELLA2025 https://t.co/bslbRXHpgA;keren banget cowoku enchella enhypen
bang sunghoon gacor bgt geloooo #ENCHELLA2025 https://t.co/BWrYOxT7wl;bang sunghoon gacor bgt geloooo enchella
Muahhhhhh #Coachella2025 #ENHYPEN #ENCHELLA2025 #HOONCHELLA;muahhhhhh coachella enhypen enchella hoonchella
#ENHYPEN #ENCHELLA2025 PECAH ;enhypen enchella pecah
3 oknum yang buat jantung gw gejedar gejeder di coachella hari ini apalagi heehoon yg awal¬≤ masih pake jaket tp tiba-tiba??? jaketnya dibuka WTF!!!!! Ô∏è‚ÄçÔ∏è‚ÄçÔ∏è‚ÄçÔ∏è‚ÄçÔ∏è‚ÄçÔ∏è‚ÄçÔ∏è‚ÄçÔ∏è‚ÄçÔ∏è‚ÄçÔ∏è‚ÄçÔ∏è‚Äç #Coachella2025 #ENCHELLA2025 https://t.co/70T49Y71Yl;oknum jantung gw gejedar gejeder coachella heehoon yg pake jaket tp tibatiba jaketnya dibuka wtf enchella
@depresslay hai apkh km baik2 sj abis liat #ENCHELLA2025 https://t.co/mBEPcOvEKN;hai apkh km sj abis liat enchella
THIS PARTTTTTTT selalu membuat gue sintinggg....kayak....gatau knp setiap sweet venom part sunghoon yg enih bikin gue ga waras cakeppp bgtcuriga tatapan dia mengandung pelet ikan koi #ENCHELLA2025 #ENCHELLA https://t.co/Y7FTaDXsM1;this parttttttt gue sintingggkayakgatau knp sweet venom part sunghoon yg enih bikin ga waras cakeppp bgtcuriga tatapan mengandung pelet ikan koi enchella
jatuh cinta banget sama jake di week 2 ‚ÄçÔ∏è #Coachella2025 #ENCHELLA2025;jatuh cinta banget jake week coachella enchella
NISHIMURA RIKI #ENHYPEN_NI_KI #ENCHELLA2025 #Coachella2025 https://t.co/kpkbzOCWiY;nishimura riki enhypenniki enchella coachella
SUNGHOON DITINGGAL MELENG DIKIT UDH LEPAS JAKETTT #SUNGHOON #ENCHELLA #HOONCHELLA #ENHYPEN #ENCHELLA2025 https://t.co/A0GaY2iKQN;sunghoon ditinggal meleng dikit udh lepas jakettt enchella hoonchella enhypen
SHIBALLL SI JAKET MERAHH INI BIKIN GILAAA #Coachella2025 #ENHYPEN #ENCHELLA2025 #JAKE https://t.co/AmszRvryPZ;shiballl si jaket merahh bikin gilaaa coachella enhypen enchella jake
aku sayang jungwon #ENHYPEN #ENCHELLA2025 https://t.co/YmHWeRQ29B;sayang jungwon enhypen enchella
ini konsepnya demo mahasiswa #ENCHELLA2025 #enchella #ENCHELLA #ENHYPEN #CHOACHELLA #Choachella2025 https://t.co/zhjI7dqYtN;konsepnya demo mahasiswa enchella enhypen choachella
Sunghoon dari makek Jaket sampek lepas Jaket cakepnya malah meningkat YA ALLAAAHHH #ENHYPEN #ENCHELLA2025 https://t.co/77uwvnA92d;sunghoon makek jaket sampek lepas cakepnya meningkat ya allaaahhh enhypen enchella
THE HAIR STYLE THE OUTFIT....‚ÄçÔ∏è‚ÄçÔ∏è NI-KI ANAK AYAMKU DAH BERUBAH JADI PUMA ‡ºé‡∫∂‚Å†‚Äø‚Å†‡ºé‡∫∂ ENHYPEN VAMPS UP COACHELLA #ENHYPENinCoachella #ENCHELLA2025 #COACHELLA https://t.co/JwCgwSbE1Q;the hair style outfit niki anak ayamku dah berubah puma enhypen vamps up coachella enhypenincoachella enchella
mama: ini yang paling ganteng ini me as a proud gf: #ENCHELLA2025 https://t.co/wg8ccl5kce;mama ganteng me as a proud gf enchella
NI-KI KITA TUH SEUMURAN PELISSSSS JANGAN KEREN¬≤ ENHYPEN VAMPS UP COACHELLA #ENHYPENinCoachella #ENCHELLA2025 #COACHELLA https://t.co/QEjrw83zFd;niki tuh seumuran pelisssss keren enhypen vamps up coachella enhypenincoachella enchella
GA BOONG INII BENERAN MAHH si Jake SUNOO sama Sunghoon BENER BENER CAKEPP BANGETT DI WEEK 2 INII KAYAKK AURA MEREKA TUHH KELUAR BGTT GITUU LOHH +10000000000000000000 AURAA #ENHYPEN #ENCHELLA2025 #COACHELLA2025 https://t.co/G4cVVSFSY6;ga boong inii beneran mahh si jake sunoo sunghoon bener cakepp bangett week kayakk aura tuhh bgtt gituu lohh auraa enhypen enchella coachella
sayang #JUNGWON #ENHYPEN #ENCHELLA2025 https://t.co/Hozxm0DIO2;sayang jungwon enhypen enchella
Gacor abisss parahh mau nangis rasanya pada keren banget huhu ENHYPEN WE'RE SO PROUD OF YOU!! #ENHYPEN #ENCHELLA2025 #enchella #Coachella2025 https://t.co/fUDx8rTcEz;gacor abisss parahh nangis keren banget huhu enhypen were so proud of you enchella coachella
SIAPKAN UANG KALIAN MARI KITA EXCITED BUAT CB KALI INI #ENHYPEN #ENCHELLA #ENCHELLA2025 https://t.co/KWeU6mbFSH;siapkan uang mari excited cb kali enhypen enchella
Heeseung hari ini centil bangett target nya sapa nih hee #HEESEUNG #ENCHELLA2025 https://t.co/9qqzONXqQW;heeseung centil bangett target nya sapa nih hee enchella
#Coachella2025 #ENCHELLA2025 #ENHYPEN gilaa!! keren bgt Enhypen kece bgt kalian proud of you guys!! https://t.co/XTUxysRrmf;coachella enchella enhypen gilaa keren bgt kece proud of you guys
seGILA ini ak........... #ENCHELLA2025 https://t.co/o8AA7uGX2o;segila ak enchella
DAMNNNNN REFLEK BERLUTUT ‚ÄçÔ∏è‚ÄçÔ∏è‚ÄçÔ∏è‚ÄçÔ∏è‚ÄçÔ∏è‚ÄçÔ∏è‚ÄçÔ∏è #SUNGHOON #ENHYPEN #ENCHELLA2025 #Coachella2025 https://t.co/Lf81sjqO02;damnnnnn reflek berlutut sunghoon enhypen enchella coachella
@stbjwn jungcat #ENCHELLA #ENHYPEN #ENCHELLA2025;jungcat enchella enhypen
Ini mah gw NAKSIRRR BGT DEKKK SUNOO REIGNS COACHELLA #SUNOO #ÏÑ†Ïö∞ #ENCHELLA2025;mah gw naksirrr bgt dekkk sunoo reigns coachella enchella
Keluar Kodam gue #ENCHELLA #ENCHELLA2025 #ENHYPEN #Coachella #Coachella2025 #HEESEUNG #heeseung #JAY #jay #JAKE #jake #SUNGHOON #sunghoon #SUNOO #sunoo #JUNGWON #jungwon #NI_KI #ni_ki https://t.co/Q0ulHKs6OH;kodam gue enchella enhypen coachella heeseung jay jake sunghoon sunoo jungwon niki
Go engene we go! Ga ga ga ga ga #ENCHELLA2025 #Coachella2025 #ENHYPEN #ENHYPEN_members https://t.co/qmKrfc4XMQ;go engene we ga enchella coachella enhypen enhypenmembers
spill reaksi kalian liat enchella week 2 guysss #ENCHELLA2025 #Coachella2025 #ENHYPEN;spill reaksi liat enchella week guysss coachella enhypen
Opening di sambut beginian #ENHYPEN #ENCHELLA2025 https://t.co/ggR86lAQEV;opening sambut enhypen enchella
#ENCHELLA2025 Keren bgt asli sampe nangis hikz dulu di i-land cimit banget sekarang udah di Coachella. Apalagi di heeseung itu hobi banget nambah istri. Sehari aja dia ngga menggoda kayanya meriang deh. #ENHYPEN #Coachella2025 #ENCHELLA2025;enchella keren bgt asli sampe nangis hikz iland cimit banget udah coachella heeseung hobi nambah istri sehari aja ngga menggoda kayanya meriang deh enhypen
SUNGHOON MAAF AKUUU OLENG KE JAYÔ∏è ENHYPEN VAMPS UP COACHELLA #ENHYPENinCoachella #ENCHELLA2025 #COACHELLA https://t.co/aMnpNcJthD;sunghoon maaf akuuu oleng jay enhypen vamps up coachella enhypenincoachella enchella
GILAAAAA GUE KEK LANGSUNG TERIAK PAS LIAT INI. AKSJSISJDK GK SABARRRRR #ENHYPEN #ENCHELLA2025 https://t.co/jgl3WrSWjE;gilaaaaa gue kek langsung teriak pas liat aksjsisjdk gk sabarrrrr enhypen enchella
seriusan ni udah abiss??? #ENCHELLA2025 #Coachella2025 #ENHYPEN;seriusan ni udah abiss enchella coachella enhypen
MOONSTRUCK ENHYPEN #ENHYPEN #ENCHELLA2025 #ENCHELLA #Coachella2025 #JUNGWON #HEESEUNG JAY SUNGHOON SUNOO NIKI JAKE https://t.co/pYmTKYRQgI;moonstruck enhypen enchella coachella jungwon heeseung jay sunghoon sunoo niki jake
GILA KALI YA HUEUEUUEUE HOONIE TODAY GILA BANGET ANJIRRRR #SUNGHOON #ENHYPEN #ENCHELLA2025 #Coachella2025 https://t.co/UJ7pVIY5Lk;gila kali ya hueueuueue hoonie today banget anjirrrr sunghoon enhypen enchella coachella
Panas banget ini #ENCHELLA2025 gara2 #ENHYPEN_JAKE https://t.co/CtPf66KjvL;panas banget enchella gara enhypenjake
ASEK BTUL #ENHYPEN #Coachella #ENCHELLA2025 https://t.co/4DTdp0fERH;asek btul enhypen coachella enchella
mengosongkan memori hp untuk mengsave foto enchella week 2 kemudian #ENCHELLA2025 #enchella #ENHYPEN;mengosongkan memori hp mengsave foto enchella week enhypen
GAK SABAR BANGET !!!! ENHYPEN VAMPS UP COACHELLA #ENCHELLA2025 https://t.co/YMwYsrtwT5;gak sabar banget enhypen vamps up coachella enchella
HAPPY BIRTHDAY SA ASAWA NG ASAWA KO #ENHYPEN #ENCHELLA #ENCHELLA2025 https://t.co/A3H9QNmjLa;happy birthday sa asawa ng ko enhypen enchella
Enhypen nggak kerasa amat dah selesai aja T__T #Coachella2025 #ENCHELLA #ENCHELLA2025 #ENHYPEN;enhypen nggak kerasa dah selesai aja tt coachella enchella
PARAH BANGET EMG ENHA INI YA TUHAN AKU SAYANG ENHYPEENNN I LOVEE YOUUU #ENCHELLA2025 https://t.co/tM1H8l1NnR;parah banget emg enha ya tuhan sayang enhypeennn i lovee youuu enchella
selir sunghoon nambah semilyar ENHYPEN VAMPS UP COACHELLA #ENHYPENinCoachella #ENCHELLA2025 #COACHELLA https://t.co/7PDHQT8pk6;selir sunghoon nambah semilyar enhypen vamps up coachella enhypenincoachella enchella
YUNG MURA NI JAKE #ENCHELLA #ENHYPEN #ENHYPEN_JAKE #ENCHELLA2025;yung mura ni jake enchella enhypen enhypenjake
PENGUMUMAN COMEBACK TERKEREN TERGACOR TAHUN INI!!! @ENHYPEN #ENCHELLA #ENCHELLA2025 #ENHYPEN https://t.co/Bj6MyiRiCO;pengumuman comeback terkeren tergacor enchella enhypen
OKEY LET'S GAURRR FINALLY THE PERFORMANCE IT'S END DAN TUGAS KITA SEKARANG SEBAGAI ENGENE ADALAH NAIKIN HT MEREKA YOK SEMANGAT #ENHYPEN #ENCHELLA #Coachella2025 #ENCHELLA2025 https://t.co/IA8jSgXCa2;okey lets gaurrr finally the performance its end tugas engene naikin ht yok semangat enhypen enchella coachella
UDAH YA HOTSPOTNYA AKU MATIIN #ENCHELLA #ENCHELLA2025 #Coachella2025 https://t.co/fD5mwujtiE;udah ya hotspotnya matiin enchella coachella
HEESEUNG SUNGHOON GEBRAKANNYA AKU GA KUWATTT ENHYPEN VAMPS UP COACHELLA #ENHYPENinCoachella #ENCHELLA2025 #COACHELLA;heeseung sunghoon gebrakannya ga kuwattt enhypen vamps up coachella enhypenincoachella enchella
SOBRANG GALING NG ENHA EUUEUEUEUEE NAIIYAK AK ENHYPEN VAMPS UP COACHELLA #ENHYPENinCoachella #ENCHELLA2025 #COACHELLA;sobrang galing ng enha euueueueuee naiiyak ak enhypen vamps up coachella enhypenincoachella enchella
Baru pas bagian reflek bilang 'HAH' fixx ini album buat next comeback enhypen ENHYPEN VAMPS UP COACHELLA #ENHYPENinCoachella #ENCHELLA2025 #COACHELLA https://t.co/6lTfbwmeEP;pas reflek bilang hah fixx album next comeback enhypen vamps up coachella enhypenincoachella enchella
BAGUS JAKETNYA DI LEPASS AKU GAPAPA GUYS‚ÄçÔ∏è #ENHYPENinCoachella #ENCHELLA2025 #COACHELLA https://t.co/4AQ25zJcOf;bagus jaketnya lepass gapapa guys enhypenincoachella enchella coachella
engene pas ending td nyanyiii happy bdaayy jayy ENHYPEN VAMPS UP COACHELLA #ENHYPENinCoachella #ENCHELLA2025 #COACHELLA https://t.co/he3hcFQcKC;engene pas ending td nyanyiii happy bdaayy jayy enhypen vamps up coachella enhypenincoachella enchella
KIM SUNOO JIDATAN IS SUPERIOR ‚Äç‚Äç SELIR KIM SUNOO NAMBAH 5 JUTA #ENCHELLA #ENCHELLA2025 https://t.co/8vf3pgWJBJ;kim sunoo jidatan is superior selir nambah juta enchella
HEESEUNG YAK TEBAR PESONA BGT AURA NYA AUR AURAN #ENHYPEN #ENCHELLA #ENCHELLA2025;heeseung yak tebar pesona bgt aura nya aur auran enhypen enchella
PAS BAGIAN INI MUNCUL KUKIRA BUAT NEXT LINE UP TAMPIL ENHYPEN VAMPS UP COACHELLA #ENHYPENinCoachella #ENCHELLA2025 #COACHELLA https://t.co/dITheong91;pas muncul kukira next line up tampil enhypen vamps coachella enhypenincoachella enchella
SUKA BANGET SAMA RAMBUT+ OUTFIT SUNGJAKE ENHYPEN VAMPS UP COACHELLA #ENHYPENinCoachella #ENCHELLA2025 #COACHELLA;suka banget rambut outfit sungjake enhypen vamps up coachella enhypenincoachella enchella
DRUNK DAZED LAGUNYA KYK LAGU DUGEM KOCAKK #ENCHELLA2025;drunk dazed lagunya kyk lagu dugem kocakk enchella
OTOT NYA SUNGHOON YAALLAH ITU BISA MENAMPUNG BEBAN HIDUP SKRIPSI GUEE #ENCHELLA2025;otot nya sunghoon yaallah menampung beban hidup skripsi guee enchella
SSUNGHOON JAKET LU KMN HEH #ENCHELLA2025;ssunghoon jaket lu kmn heh enchella
Heeseung gila bangettttt ENHYPEN VAMPS UP COACHELLA #ENHYPENinCoachella #ENCHELLA2025 #COACHELLA;heeseung gila bangettttt enhypen vamps up coachella enhypenincoachella enchella
DITINGGAL BNTR KOK ELU JD BGINI HOON ENHYPEN VAMPS UP COACHELLA #ENHYPENinCoachella #ENCHELLA2025 #COACHELLA https://t.co/rqBD2ZRqb0;ditinggal bntr elu jd bgini hoon enhypen vamps up coachella enhypenincoachella enchella
ril merah juga keringetnya heeseung #enchella2025 https://t.co/O2g1EmFB9w;ril merah keringetnya heeseung enchella
PARK SUNGHOON LU BENER BENER YA ENHYPEN VAMPS UP COACHELLA #ENHYPENinCoachella #ENCHELLA2025 #COACHELLA;park sunghoon lu bener ya enhypen vamps up coachella enhypenincoachella enchella
Keringetnya heeseung merah... pake nail polish jugaa dammn ENHYPEN VAMPS UP COACHELLA #ENHYPENinCoachella #ENCHELLA2025 #COACHELLA;keringetnya heeseung merah pake nail polish jugaa dammn enhypen vamps up coachella enhypenincoachella enchella
selalu keren guysÔ∏è‚ÄçÔ∏è‚Äç #ENCHELLA2025;keren guys enchella
aduhh sunghoooon sopankahhh lepas jakettt pas moonstruck #ENHYPENinCoachella #ENCHELLA2025 #COACHELLA;aduhh sunghoooon sopankahhh lepas jakettt pas moonstruck enhypenincoachella enchella coachella
Ihh harus denger nih Jay ENHYPEN VAMPS UP COACHELLA #ENHYPENinCoachella #ENCHELLA2025 #COACHELLA;ihh denger nih jay enhypen vamps up coachella enhypenincoachella enchella
GW UDAH GA BERNYAWA ABIS DAYDREAM INI TOLONG #ENCHELLA2025;gw udah ga bernyawa abis daydream tolong enchella
ANG LAKAS NA NG CROWD AH! EWAN NALANG TALAGA KUNG MAY MASABI PA YUNG IBA #ENCHELLA2025;ang lakas na ng crowd ah ewan nalang talaga kung may masabi pa yung iba enchella
AWA NALAMH HEESEUNG ENHYPEN VAMPS UP COACHELLA #ENHYPENinCoachella #ENCHELLA2025 #COACHELLA;awa nalamh heeseung enhypen vamps up coachella enhypenincoachella enchella
SOBRANG GALING TLGA #ENCHELLA2025 #ENHYPEN;sobrang galing tlga enchella enhypen
JUNGWON LAP KERINGETNYA HISENG?!! #ENHYPEN #ENCHELLA2025 #ENCHELLA;jungwon lap keringetnya hiseng enhypen enchella
Wtb record file konser-konser atau fanmeet online enhypen dong Ayo tawarkan kepadaku gaes #wtb #zonauang #enhypen #ENCHELLA2025;wtb record file konserkonser fanmeet online enhypen ayo tawarkan kepadaku gaes zonauang enchella
OMG SUNGHOON #ENCHELLA2025;omg sunghoon enchella
sunghoon do ceu ...... #ENCHELLA2025 #ENCHELLA #ENHYPEN;sunghoon do ceu enchella enhypen
okay.... setlist nya sm tp boleh ga nambah ada shout out sm fever nya #ENHYPEN #ENCHELLA2025;okay setlist nya sm tp ga nambah shout out fever enhypen enchella
baliw na baliw sau sunghoon putainah! ENHYPEN VAMPS UP COACHELLA #ENCHELLA2025 #ENHYPEN #COACHELLA2025;baliw na sau sunghoon putainah enhypen vamps up coachella enchella
lakas ng genes ni mingyu e HAHAHAHAH #ENCHELLA2025;lakas ng genes ni mingyu e hahahahah enchella
SOPAN LUUU BEGITU KIM SUNOO????? ENHYPEN VAMPS UP COACHELLA #ENHYPENinCoachella #ENCHELLA2025 #COACHELLA;sopan luuu kim sunoo enhypen vamps up coachella enhypenincoachella enchella
Seung maaf Seung rambutmu lunturr #ENHYPENinCoachella #ENCHELLA2025 #COACHELLA;seung maaf rambutmu lunturr enhypenincoachella enchella coachella
HEESUN RISNDUMSGDKSHD #ENHYPENinCoachella #ENCHELLA2025 #COACHELLA;heesun risndumsgdkshd enhypenincoachella enchella coachella
salting bgt tlong mmh ENHYPEN VAMPS UP COACHELLA #ENHYPENinCoachella #ENCHELLA2025 #COACHELLA https://t.co/krcgOR9qcV;salting bgt tlong mmh enhypen vamps up coachella enhypenincoachella enchella
salting bgt ak park sungun ENHYPEN VAMPS UP COACHELLA #ENHYPENinCoachella #ENCHELLA2025 #COACHELLA;salting bgt ak park sungun enhypen vamps up coachella enhypenincoachella enchella
moots NI DUA ORANG CAKEP BGT GILEEEE BJIRR #ENCHELLA2025 #ENCHELLA #ENHYPEN #ENHYPEN_JAY #ENHYPEN_SUNGHOON https://t.co/5uHQB1scty;moots ni orang cakep bgt gileeee bjirr enchella enhypen enhypenjay enhypensunghoon
ANJR ANJR PARANORMAL LOVE DIBAWAIN COOOOO #ENHYPEN #ENCHELLA2025;anjr paranormal love dibawain cooooo enhypen enchella
GANTENG BANGET KACAUUUU #ENCHELLA2025 #JAKE #ENHYPEN_JAKE https://t.co/h0kMZA8Vho;ganteng banget kacauuuu enchella jake enhypenjake
MAMPUSSSS BENERANN JIDATANNN COKK GANTENG BGTT #ENCHELLA2025;mampussss benerann jidatannn cokk ganteng bgtt enchella
PELAN PELAN BANGGGG #ENCHELLA2025;pelan bangggg enchella
OMG SIM JAEHYUN APAKA GWAPO!! ENHYPEN VAMPS UP COACHELLA #ENHYPENinCoachella #ENCHELLA2025 #COACHELLA https://t.co/SeQ76XjOQ1;omg sim jaehyun apaka gwapo enhypen vamps up coachella enhypenincoachella enchella
Outfit for Coachella todayy sangat¬≤ keren sekali #ENCHELLA2025 #ENHYPEN;outfit for coachella todayy keren enchella enhypen
anjir heeseung cantik bgt #ENHYPEN #Coachella2025 #ENCHELLA2025;anjir heeseung cantik bgt enhypen coachella enchella
HEHHHH DIEMMMM COWO GUA KEREN BANGET GILAAAAA #ENHYPEN #ENCHELLA2025;hehhhh diemmmm cowo gua keren banget gilaaaaa enhypen enchella
Gabisa bgt sm outfit plus rambut di coachella week ini #ENCHELLA2025;gabisa bgt sm outfit plus rambut coachella week enchella
yang ulang tahun hari ini menyala banget di coachella #ENCHELLA2025;ulang menyala banget coachella enchella
NISHIMURA RIKI BISA STOP JADI BIAS WRECKER SEMUA ORANG GAK??????????!!!!!!!!! #ENCHELLA2025;nishimura riki stop bias wrecker orang gak enchella
GAKULIAT LIAT SUNGHOON JIDATAN ENHYPEN VAMPS UP COACHELLA #ENHYPENinCoachella #ENCHELLA2025 #COACHELLA;gakuliat liat sunghoon jidatan enhypen vamps up coachella enhypenincoachella enchella
KERENN GACOR SEMUAAA #ENHYPEN #ENCHELLA2025;kerenn gacor semuaaa enhypen enchella
GILAAA JAKE SUNGHOON CAKEP BANGET #ENCHELLA2025;gilaaa jake sunghoon cakep banget enchella
GILA GILA DC BREAK ENHA KEREN BGT ANJ GILAA #ENCHELLA2025;gila dc break enha keren bgt anj gilaa enchella
ulol kuhang kuha ako ni sunghoon HJAKHWJAH TEH I LOVE U ENHYPEN VAMPS UP COACHELLA #ENCHELLA2025 #ENHYPEN #COACHELLA2025;ulol kuhang kuha ako ni sunghoon hjakhwjah teh i love u enhypen vamps up coachella enchella
GW MUNTAHHHHHHH GANTENG BANGET BANGSATTTTTTTTTTT #ENCHELLA2025;gw muntahhhhhhh ganteng banget bangsattttttttttt enchella
Beteee bangettt gak bisa TERIAKKK2 krna ada orang rumah #ENCHELLA2025 #Coachella2025 #ENHYPEN;beteee bangettt gak teriakkk krna orang rumah enchella coachella enhypen
outfitnya kece bgt gokilll #ENCHELLA2025 #ENHYPEN;outfitnya kece bgt gokilll enchella enhypen
GULA SUKAK BANGET OUTFIT HARI INIII #ENCHELLA2025;gula sukak banget outfit iniii enchella
TOLONGGG JAYYYYY GAKUATT #ENCHELLA2025;tolonggg jayyyyy gakuatt enchella
WOI LIAT GK HEESEUNG PAS BLESSED-CURSED NURUNIN MIC DIA TEUS EMG G ADA SUARA WOOOOOO HATERSSS KEPANASAN LIAT INI ENHYPEN VAMPS UP COACHELLA #ENHYPENinCoachella #ENCHELLA2025 #COACHELLA;woi liat gk heeseung pas blessedcursed nurunin mic teus emg g suara woooooo hatersss kepanasan enhypen vamps up coachella enhypenincoachella enchella
WOI INI MIRIP BGT MINGYU KOCAKSUNOO ENHYPEN VAMPS UP COACHELLA #ENHYPENinCoachella #ENCHELLA2025 #COACHELLA https://t.co/OUf5H6Hu5H;woi bgt mingyu kocaksunoo enhypen vamps up coachella enhypenincoachella enchella
@heegirIfriend HEESEUNG #ENHYPEN #Coachella2025 #ENCHELLA2025;heeseung enhypen coachella enchella
Semoga juga ada stage jay gitaran ENHYPEN VAMPS UP COACHELLA #ENHYPENinCoachella #ENCHELLA2025 #COACHELLA;semoga stage jay gitaran enhypen vamps up coachella enhypenincoachella enchella
ENHYPEN CARALHOOOOOOOOOOOO #ENHYPEN #ENCHELLA2025 #Coachella2025;enhypen caralhoooooooooooo enchella coachella
Aduhh ini SIAPA YANG KUTANGAN YAK?!! #ENCHELLA2025 #ENHYPEN https://t.co/GkAtkoSnht;aduhh kutangan yak enchella enhypen
@moonandenhypen YAALLAH KUAT ENGGK YA YA ALLAH #ENHYPEN #ENCHELLA #ENCHELLA2025 https://t.co/1VdSDEUUg5;yaallah kuat enggk ya allah enhypen enchella
BISMILLAHIRRAHMANIRRAHIM SEMOGA LANCAR WEEKS 2 #ENHYPEN #ENCHELLA2025;bismillahirrahmanirrahim semoga lancar weeks enhypen enchella
MAMAAAA MAUU NANGISS AAAAAAAAA #ENHYPEN #ENCHELLA #ENCHELLA2025;mamaaaa mauu nangiss aaaaaaaaa enhypen enchella
3 menit lagi plis #ENCHELLA2025 #ENCHELLA;menit plis enchella
YAALLAH seriusan enhypen yang tampil gua yang DEGDEGAN cuyy apa kabar enhypen yak huaaaa FIGHTING YAA ENHYPEN #ENHYPEN #ENCHELLA #ENCHELLA2025 https://t.co/n9xFdpHX7t;yaallah seriusan enhypen tampil gua degdegan cuyy kabar yak huaaaa fighting yaa enchella
Degdegan bgtt #ENCHELLA #ENCHELLA2025 #ENHYPEN #SUNOO_SpiceUp_Coachella #SUNOO #SUNOOCHELLA;degdegan bgtt enchella enhypen sunoospiceupcoachella sunoo sunoochella
ENHYPEN SIAP MENGGUNCANG PANGGUNG COACHELLA Ô∏è‚ÄçÔ∏è‚Äç ENHYPEN VAMPS UP COACHELLA #ENHYPENinCoachella #ENCHELLA2025 #COACHELLA https://t.co/wdAql87pEC;enhypen mengguncang panggung coachella vamps up enhypenincoachella enchella
Ini baru tangan loh tpi udh ganteng bngttÔ∏è‚ÄçÔ∏è‚Äç #ENCHELLA #ENCHELLA2025 #ENHYPEN https://t.co/fmqr1VmhXx;tangan loh tpi udh ganteng bngtt enchella enhypen
@__ni_ki @ENHYPEN @ENHYPEN_members Q FOTO BOA KAHWKWBSSKSD VAMPIRES IN THE DESERT ENHYPEN VAMPS UP COACHELLA #ENCHELLA2025 #COACHELLA2025 #ENCHELLA #ENHYPEN;q foto boa kahwkwbssksd vampires in the desert enhypen vamps up coachella enchella
Abis WO ini lagi pegel pegelnya tapi semangat tetap MENYALAAA #ENCHELLA2025 #ENHYPEN #Coachella2025 #JAYatCOACHELLA;abis wo pegel pegelnya semangat menyalaaa enchella enhypen coachella jayatcoachella
Itu yg pake sarung tangan niki sama heesung?? Kalo iya damnnn Ready for #ENHYPEN #ENCHELLA2025 https://t.co/xYGu6LJAwU;yg pake sarung tangan niki heesung kalo iya damnnn ready for enhypen enchella
Damn merinding dikit gw ENHYPEN VAMPS UP COACHELLA #ENHYPENinCoachella #ENCHELLA2025 #COACHELLA https://t.co/v4fwW8tJ3x;damn merinding dikit gw enhypen vamps up coachella enhypenincoachella enchella
gais kalau bisa streamnya dua device ya sama yang di channel ha sister jugaa biar gacorr viewsnyaa #ENCHELLA #ENCHELLA2025 #Coachella2025 #ENHYPEN;gais streamnya device ya channel ha sister jugaa biar gacorr viewsnyaa enchella coachella enhypen
aaa gue degdegan SEMANGAT SAYANG-SAYANGKU!! Ayo tunjukin ke semuanya betapa kerennya kalian ENHYPEN VAMPS UP COACHELLA #ENHYPENinCoachella #ENCHELLA2025 #COACHELLA https://t.co/LsmZvAegem;aaa gue degdegan semangat sayangsayangku ayo tunjukin betapa kerennya enhypen vamps up coachella enhypenincoachella enchella
ROCK THE SAHARA!!!! #ENHYPEN #ENCHELLA #ENCHELLA2025 https://t.co/jXCF42rov0;rock the sahara enhypen enchella
woww outfit nya mereka kerenn bgt tebak yg merah siapaa #ENHYPEN #ENCHELLA #ENCHELLA2025 https://t.co/dP6JVk11b0;woww outfit nya kerenn bgt tebak yg merah siapaa enhypen enchella
NANGISS BANGET ENHYPEN YANG TAMPIL AK YANG DEGDEGAN OMGAAAA FIGHTING ENHYPEN #ENHYPEN #ENCHELLA #ENCHELLA2025 https://t.co/nXnsLcpliF;nangiss banget enhypen tampil ak degdegan omgaaaa fighting enchella
itu outfit mereka buat hari ini kah #ENHYPEN #Coachella #ENCHELLA2025 https://t.co/jTtvgFp9ZR;outfit kah enhypen coachella enchella
@jaehmyu Ni-ki #ENHYPEN #ENCHELLA2025 #Coachella2025;niki enhypen enchella coachella
kira-kira akan ada gebrakan apa ya? aduh gak sabar bangetttt #ENCHELLA #ENHYPEN #ENCHELLA2025;kirakira gebrakan ya aduh gak sabar bangetttt enchella enhypen
SAHARA! #ENCHELLA #ENCHELLA2025 @ENHYPEN https://t.co/LiSZ11CoNW;sahara enchella
AKUU SIAP HARI INI ASKKZLSPWPJSKKQLOQOWJAMQKKWJW FIGHTING NAIKIN HT NYA ENGENEE BOUND BY FATE WITH JAY AND ENCHELLA #WeavingOurFateswithJAY #ÎÇ≠ÎßåÍπúÍ≥†_ÎùΩÏä§ÌÉÄ_Ï¢ÖÏÑ±Îç∞Ïù¥ #HappyBirthJAY #ENHYPEN_JAY #ENHYPEN #ENCHELLA2025 #ENCHELLA @ENHYPEN_members https://t.co/mpE7xbXdnn;akuu askkzlspwpjskkqloqowjamqkkwjw fighting naikin ht nya engenee bound by fate with jay and enchella weavingourfateswithjay happybirthjay enhypenjay enhypen
@effyy1009 Sunjake #ENCHELLA #ENCHELLA2025 #ENHYPEN https://t.co/CcymYdcL6M;sunjake enchella enhypen
#ENCHELLA #ENCHELLA2025 sumpah jadwal gw tabrakan terus enchella https://t.co/eksFM8FQPz;enchella sumpah jadwal gw tabrakan
Segera taayang Nonton ENHYPEN di Coachella 2025 weekend 2 pada 20 April: Jadwal tampil setlist lagu dan link streaming #ENHYPEN #Coachella #Coachella2025 #ENCHELLA #ENCHELLA2025 https://t.co/0CiHEYiLjV;taayang nonton enhypen coachella weekend april jadwal tampil setlist lagu link streaming enchella
kurang dari sejam lagi ‚Äç‚Äç‚Äç #ENHYPEN #Coachella #ENCHELLA2025;sejam enhypen coachella enchella
ok bahkan di week 2 pun ak tidak bisa menonton #ENCHELLA2025 sedih bgt dhhhhh;ok week ak menonton enchella sedih bgt dhhhhh
Menunggu.... Satu jam lagi https://t.co/uzN80zLCI1 Weekend nonton coachella jangan lupa cemilan nya haha #ENCHELLA #ENCHELLA2025 https://t.co/g9nxywso9P;menunggu jam weekend nonton coachella lupa cemilan nya haha enchella
ENHYPEN SEM CAMISA ENHYPEN SEM CAMISA ENHYPEN SEM CAMISA ENHYPEN SEM CAMISA ENHYPEN SEM CAMISA ENHYPEN SEM CAMISA ENHYPEN SEM CAMISA ENHYPEN SEM CAMISA ENHYPEN SEM CAMISA ENHYPEN SEM CAMISA ENHYPEN SEM CAMISA ENHYPEN SEM CAMISA #ENCHELLA2025 #COACHELLA2025 #ENCHELLA #ENHYPEN https://t.co/W4KRCPXTAK;enhypen sem camisa enchella coachella
ENHYPEN SEM CAMISA ENHYPEN SEM CAMISA ENHYPEN SEM CAMISA ENHYPEN SEM CAMISA ENHYPEN SEM CAMISA ENHYPEN SEM CAMISA ENHYPEN SEM CAMISA ENHYPEN SEM CAMISA ENHYPEN SEM CAMISA ENHYPEN SEM CAMISA ENHYPEN SEM CAMISA ENHYPEN SEM CAMISA #ENCHELLA2025 #COACHELLA2025 #ENCHELLA #ENHYPEN https://t.co/08YyTN1vuU;enhypen sem camisa enchella coachella
ENHYPEN SEM CAMISA ENHYPEN SEM CAMISA ENHYPEN SEM CAMISA ENHYPEN SEM CAMISA ENHYPEN SEM CAMISA ENHYPEN SEM CAMISA ENHYPEN SEM CAMISA ENHYPEN SEM CAMISA ENHYPEN SEM CAMISA ENHYPEN SEM CAMISA ENHYPEN SEM CAMISA ENHYPEN SEM CAMISA #ENCHELLA2025 #COACHELLA2025 #ENCHELLA #ENHYPEN https://t.co/b3r9HAtq0g;enhypen sem camisa enchella coachella
agensi gila bkn promosiin dr akun coachella nya langsung knp dia tbtb ngeshare link ytb dr ch nya enha sendiri? dipikir ga bakal ngambil data viewers kali. pls ya temen¬≤ nontonnya diytb coachella lgsg sakit hati bgt ini kl ada yg nntn di link nya belift #ENCHELLA #ENCHELLA2025 https://t.co/NfFO0frOhv;agensi gila bkn promosiin dr akun coachella nya langsung knp tbtb ngeshare link ytb ch enha dipikir ga ngambil data viewers kali pls ya temen nontonnya diytb lgsg sakit hati bgt kl yg nntn belift enchella
GUYS TOLONG YA NONTON NYA DI YOUTUBE NYA COACHELLA LANGSUNG JANGAN LINK DARI BELIFT #ENCHELLA #ENCHELLA2025 #ENHYPEN https://t.co/bvHxPXmTzE;guys tolong ya nonton nya youtube coachella langsung link belift enchella enhypen
@jayberrycute ORANGE FLOWER #ENCHELLA #ENCHELLA2025 #ENHYPEN https://t.co/O82lUxPu4E;orange flower enchella enhypen
@findcamie ni-ki #ENCHELLA #ENCHELLA2025 #COACHELLA2025 #ENHYPEN;niki enchella coachella enhypen
@findcamie heeseung #ENCHELLA #ENCHELLA2025 #COACHELLA2025 #ENHYPEN;heeseung enchella coachella enhypen
@findcamie ni-ki #ENCHELLA #ENCHELLA2025 #COACHELLA2025 #ENHYPEN;niki enchella coachella enhypen
HBD JAYYYYYYYYYY #ENCHELLA #ENCHELLA2025 #ENHYPEN;hbd jayyyyyyyyyy enchella enhypen
WYEYEYEYEYEYEYEYEYEYYEYEYE #ENCHELLA #ENCHELLA2025 #ENHYPEN;wyeyeyeyeyeyeyeyeyeyyeyeye enchella enhypen
Setlist nya bakal sama kek weekend 1 apa beda ya? Plss beda plsssss #ENCHELLA #ENHYPEN #ENCHELLA2025 https://t.co/rPAeXkSyoO;setlist nya kek weekend beda ya plss plsssss enchella enhypen
Siap mereog dengan lepas setelah sebelumnya hanya tertahan karena barengan sama forum lainn #ENCHELLA #ENCHELLA2025 #ENHYPEN https://t.co/1Hr2qtkbVQ;mereog lepas tertahan barengan forum lainn enchella enhypen
Celamat pagih mblepp Ô∏è Para cimol bojot udh nangkring siap liat perform para bapack2ny #ENCHELLA #ENCHELLA2025 #ENHYPEN #Coachella2025Enhypen https://t.co/m7FTSJXHoO;celamat pagih mblepp cimol bojot udh nangkring liat perform bapackny enchella enhypen coachellaenhypen
Deg2an bngt euyyyy letchugaurrr enchella #ENCHELLA #ENCHELLA2025 #ENHYPEN https://t.co/90nkcwcGu3;degan bngt euyyyy letchugaurrr enchella enhypen
@NI_KISTUDIO 5. sunghoon jay #ENCHELLA #ENHYPEN #ENCHELLA2025;sunghoon jay enchella enhypen
Kalo jay hari ini gitaran aku bakalan nonton iland 2x #ENCHELLA #ENCHELLA2025 #ENHYPEN;kalo jay gitaran nonton iland x enchella enhypen
SUMPAH DEGDEGAN BGT #ENCHELLA #ENCHELLA2025 #ENHYPEN;sumpah degdegan bgt enchella enhypen
kiwi #Coachella2025 #ENCHELLA2025 #ENHYPEN;kiwi coachella enchella enhypen
JAYY GITARAN AAMIIN #ENCHELLA #ENCHELLA2025 #ENHYPEN;jayy gitaran aamiin enchella enhypen
Hari ini setlist nya sama kaya kemarin gk ya #ENCHELLA #ENCHELLA2025 #ENHYPEN;setlist nya kaya kemarin gk ya enchella enhypen
@silentstarsnk2 aaa terharu bgt #ENCHELLA #ENCHELLA2025 #ENHYPEN;aaa terharu bgt enchella enhypen
borjuis juga diliat liat #ENHYPEN #ENCHELLA #ENCHELLA2025 https://t.co/jOH7NY77Ab;borjuis diliat liat enhypen enchella
Let's go #ENHYPEN #ENCHELLA2025 #ENCHELLA jdiwngzjsnwhsik;lets go enhypen enchella jdiwngzjsnwhsik
@divengenes KARNA SEKARANG MOONSTRUCK LEBIH SERING DIBAWAIN JDI CHACONNE AJA #ENCHELLA #ENCHELLA2025 #ENHYPEN;karna moonstruck dibawain jdi chaconne aja enchella enhypen
@divengenes AAAA SUSAH BGT INI #ENCHELLA #ENCHELLA2025 #ENHYPEN;aaaa susah bgt enchella enhypen
@leftside_riki sudah pasti #ENCHELLA #ENCHELLA2025 #ENHYPEN;enchella enhypen
@shantloveshs pliss bgt jay gitaran #ENCHELLA #ENCHELLA2025 #ENHYPEN;pliss bgt jay gitaran enchella enhypen
@ENHYPEN_Charts aaaa gk sabar #ENCHELLA #ENCHELLA2025 #ENHYPEN;aaaa gk sabar enchella enhypen
@hoonikiz cakep bgt ihhh #ENCHELLA #ENCHELLA2025 #ENHYPEN;cakep bgt ihhh enchella enhypen
@enhypenupdates aaa gemes bgt #ENCHELLA #ENCHELLA2025 #ENHYPEN;aaa gemes bgt enchella enhypen
@NI_KISTUDIO 5. Ni-ki or Sunghoon #ENCHELLA2025 #ENCHELLA #Coachella2025;niki or sunghoon enchella coachella
Abis begawe blm mandi wkwk cuss mandi abis ini kita stream enchella berharap ada solo perform jay di ultahnya yah #ENHYPEN #ENHYPEN_JAY #ENCHELLA2025 #enchella;abis begawe blm mandi wkwk cuss stream enchella berharap solo perform jay ultahnya yah enhypen enhypenjay
semu!!! #ENHYPEN #ENCHELLA2025 #COACHELLA2025;semu enhypen enchella coachella
@ihsheeboy sunghooon #ENCHELLA #ENCHELLA2025 #ENHYPEN;sunghooon enchella enhypen
semoga masih ada blockbuster semoga ada karma #ENHYPEN #Coachella #ENCHELLA2025;semoga blockbuster karma enhypen coachella enchella
@jaehmyu ni-ki #ENCHELLA2025 #Coachella2025 #ENHYPEN #ENCHELLA;niki enchella coachella enhypen
@jaehmyu heeseung #ENCHELLA2025 #Coachella2025 #ENHYPEN #ENCHELLA;heeseung enchella coachella enhypen
HEESEUNG Ô∏è‚ÄçÔ∏è‚ÄçÔ∏è‚Äç #ENCHELLA2025 #Coachella2025 #ENHYPEN https://t.co/n2q006nneK;heeseung enchella coachella enhypen
@forenhaz #ENHYPEN #ENCHELLA2025 #COCHELLA2025 Orange flower;enhypen enchella cochella orange flower
@Sunghson Menyala anakku #ENCHELLA2025;menyala anakku enchella
#ENCHELLA2025 besok ada shout out gk ya sama one in a billion;enchella besok shout out gk ya one in a billion
@ethanolees Yg penting #ENCHELLA2025 dik ;yg enchella dik
Bismillah Jake sleeveless di Coachella w2 ‚ÄçÔ∏è #Coachella2025 #ENCHELLA2025 #ENHYPEN_JAKE;bismillah jake sleeveless coachella w enchella enhypenjake
@sstuvwxyzss cowok gue gitu lohh #SUNOO #ENCHELLA2025 #Coachella2025;cowok gue gitu lohh sunoo enchella coachella
@yayymie indah bgt.... #SUNOO #ENCHELLA2025 #Coachella2025;indah bgt sunoo enchella coachella
Jakeuuu #ENCHELLA #ENCHELLA2025 #ENHYPEN #Coachella2025;jakeuuu enchella enhypen coachella
Bro sorry heeseungh #HEESEUNG #coachella #ENHYPEN #ENCHELLA2025 https://t.co/B5LU1Dvunw;bro sorry heeseungh heeseung coachella enhypen enchella
JUNGWONN I'M READY FOR UR GEBRAKAN Ô∏è‚Äç kalo uwon buka bukaan kira' kayang di tengah jalan tumac ga? eh.... #ENHYPEN #ENCHELLA #ENCHELLA2025;jungwonn im ready for ur gebrakan kalo uwon buka bukaan kayang jalan tumac ga eh enhypen enchella
guys tp mulesnya masih ada pdhl ini week 2 #ENHYPEN #ENCHELLA2025 #ENCHELLA #COACHELLA2025;guys tp mulesnya pdhl week enhypen enchella coachella
@pparkljongseong Happy Birthday Jay! Makasih ya udah bercita-cita jadi orang keren dan memutuskan jadi idol. Things I love about Jay tuh semuanya yang ada di dia aku suka. Suaranya senyumnya ekspresi nya tingkah anehnya wavy finger nya jokes nya dia. #ENHYPEN #ENCHELLA #ENCHELLA2025 https://t.co/3X8wGfWHFu;happy birthday jay makasih ya udah bercitacita orang keren memutuskan idol things i love about tuh suka suaranya senyumnya ekspresi nya tingkah anehnya wavy finger jokes enhypen enchella
Ayyyoo #ENCHELLA #ENCHELLA2025 #ENHYPEN;ayyyoo enchella enhypen
Engina nonton di Coachella's official YouTube channel on Apr 20 Sunday 11.35 WIB ‚è∞ 10.35 - 11.20 WIB | 11.35 - 12.20 WITA | 12.35 - 13.20 WIT jgn pake link yg di up bela gajetot #ENCHELLA2025 #COACHELLA #ENHYPEN;engina nonton coachellas official youtube channel on apr sunday wib wita wit jgn pake link yg up bela gajetot enchella coachella enhypen
@AboutMusicYT my vanpaia ENHYPEN #NI_KI #ENCHELLA2025 https://t.co/RoMb5zDTwE;my vanpaia enhypen niki enchella
BESOK WOYY BESOKKKKK CAN T WAITTT #ENHYPEN #ENCHELLA #ENCHELLA2025 https://t.co/7AHvR2TbdI;besok woyy besokkkkk can t waittt enhypen enchella
#ENCHELLA2025 day 1 cabang jaktim https://t.co/uhoxDdXK15;enchella day cabang jaktim
Jaeyunie #ENCHELLA #ENCHELLA2025 #COACHELLA2025 #ENHYPEN;jaeyunie enchella coachella enhypen
UEBSYEBWUWHEUSHEUSBS ENHYPEN #ENHYPEN #ENCHELLA #ENCHELLA2025;uebsyebwuwheusheusbs enhypen enchella
Gw brharap bgt pls setlist week 2 isinya full vampire songs vibesnya .Gtw knp kepengen itu gitu sama lagu¬≤ di album memorabilia or darkblood mereka dikeluarin So you guys Inget kn break dance one in a billion tuh bener¬≤ ARGGHH BGT #ENCHELLA2025 #ENHYPEN #Coachella2025 https://t.co/b0KE9JZlSC;gw brharap bgt pls setlist week isinya full vampire songs vibesnya gtw knp kepengen gitu lagu album memorabilia or darkblood dikeluarin so you guys inget kn break dance one in a billion tuh bener argghh enchella enhypen coachella
Baik-baik ibu dan anak-anak nya ini yaa #ENCHELLA #ENCHELLA2025 #ENHYPEN https://t.co/rkIqi4S3za;baikbaik anakanak nya yaa enchella enhypen
Ô∏èDresscode jong's the rockstarsÔ∏è Haiii engenee Berpakaian lah semenarik dan sekeren mungkin karena akan ada hadiah speciall untuk pemenang DC terbaik dan terkerenn lohh See you in event engene #ENHYPEN_JAY #fypage #ENGENE #ENHYPEN #4u #birthday #ENCHELLA2025 https://t.co/bK1snxf6It;dresscode jongs the rockstars haiii engenee berpakaian semenarik sekeren hadiah speciall pemenang dc terbaik terkerenn lohh see you in event engene enhypenjay fypage enhypen u birthday enchella
@heeyunkiarchive Gaaaaaha #ENHYPEN #ENCHELLA #COCHELLA2025 #ENCHELLA2025;gaaaaaha enhypen enchella cochella
Ô∏è‚ÄçNi-kiÔ∏è‚Äç #ENCHELLA #ENCHELLA2025 #ENHYPEN @ENHYPEN_members https://t.co/e5K5HCDYql;niki enchella enhypen
Siap gk siap kumpullah gk mirip tp yaudhlah ya‚Äç #HEESEUNG #HEESEUNG_ENHYPEN #Ìù¨Ïäπ #Ïù¥Ìù¨Ïäπ #ÏóîÌïòÏù¥Ìîà #ENHYPEN #ENCHELLA2025 #Coachella2025 https://t.co/r7cBNkz2sk;gk kumpullah tp yaudhlah ya heeseung heeseungenhypen enhypen enchella coachella
@Jzn1tu @EnhypeCups Sana Umuwi pls! #ENHYPEN #ENCHELLA2025 #ENHYPEN_JAY https://t.co/Zs69gUNZyI;umuwi pls enhypen enchella enhypenjay
WWD Coachella tebak ketua ? #ÏóîÌïòÏù¥Ìîà #ENHYPEN #JUNGWON #HEESEUNG #JAY #JAKE #SUNGHOON #SUNOO #NI_KI #Coachella2025 #ENCHELLA2025 https://t.co/tuI3363NkG;wwd coachella tebak ketua enhypen jungwon heeseung jay jake sunghoon sunoo niki enchella
#ENCHELLA WK1 BABY!! #ENCHELLA2025 #ENHYPEN @ENHYPEN_members https://t.co/ILeAZWP9EK;enchella wk baby enhypen
100% real toh #ENCHELLA #ENCHELLA2025 #ENHYPEN;real enchella enhypen
Sunghoon sweet venom fancam #sunghoon #ENHYPEN #ENCHELLA2025 #Coachella2025 https://t.co/OiGShf1yOs;sunghoon sweet venom fancam enhypen enchella coachella
Trending di youtube Indonesia : #17 Enhypen - XO #23 Enhypen - Intro+Blockbuster #ENHYPEN #ENCHELLA #ENCHELLA2025 #Coachella2025 https://t.co/xRHfItohO9;trending youtube indonesia enhypen xo introblockbuster enchella coachella
siapa coba yg gak salting ditatap begituu hee??????? #HEESEUNG #ENHYPEN #ENCHELLA #ENCHELLA2025 https://t.co/NZLqwTvwl5;coba yg gak salting ditatap begituu hee heeseung enhypen enchella
0412 Niki in the desert #NI_KI #ÎãàÌÇ§ #„Éã„Ç≠ #Ë•øÊùëÂäõ #ÏóîÌïòÏù¥Ìîà #ENHYPEN #Coachella2025 #ENCHELLA2025 https://t.co/f4m3qalr9Y;niki in the desert enhypen coachella enchella
@urmyjongstar MAUU KAA @juythemeng #COACHELLA2025 #Coachella #ENHYPEN #ENCHELLA2025;mauu kaa coachella enhypen enchella
Happy birthday soon for you my love Bangga bgt aku pls sm kalian Dan ini jadi kado terindah kamu yaa sayang bisa tampil di panggung besar impianmu dari dulu I love you always jay.. I love enhypen too.. #ENHYPEN_JAY #ENHYPEN #Coachella2025 #ENCHELLA2025;happy birthday soon for you my love bangga bgt pls sm kado terindah yaa sayang tampil panggung impianmu i always jay enhypen too enhypenjay coachella enchella
k-kok dia mirip bebek banget ya #ENCHELLA #ENHYPEN #NI_KI #ENCHELLA2025 https://t.co/eZu1DA8yEr;kkok bebek banget ya enchella enhypen niki
@heya2_mew @tsukishimYa bener bener terharuu bngtt.. mreka smpe coachella dan bnyak yg apresiasi mreka disituu emng enha bener bener real talented izin ikutan ya kaa and wmll #ENCHELLA #ENCHELLA2025;bener terharuu bngtt mreka smpe coachella bnyak yg apresiasi disituu emng enha real talented izin ikutan ya kaa and wmll enchella
batak #ENCHELLA2025 #COACHELLA2025 #ENHYPEN;batak enchella coachella enhypen
@enhapopbase MALAYSIAüá≤üáæ #ENCHELLA #ENCHELLA2025;malaysia enchella
MAH SHAYLAHH!!!! #ENCHELLA #ENCHELLA #ENCHELLA2025;mah shaylahh enchella
Siapaa sangkaa beliau penboi #ENHYPENinCoachella_D1 #ENCHELLA2025 #Coachella2025 https://t.co/uzkfjKgI8u;siapaa sangkaa beliau penboi enhypenincoachellad enchella coachella
@lheesoftie BANGGA BANGETT URII VAMPIREÔ∏è‚ÄçÔ∏è‚Äç#ENCHELLA #ENCHELLA2025 #ENHYPEN #COACHELLA2025;bangga bangett urii vampireenchella enchella enhypen coachella
@sungj4ke BANGGA BANGETT URII VAMPIREÔ∏è‚ÄçÔ∏è‚Äç#ENCHELLA #ENCHELLA2025 #ENHYPEN #COACHELLA2025;bangga bangett urii vampireenchella enchella enhypen coachella
@enginafess BANGGA BANGETT URII VAMPIREÔ∏è‚ÄçÔ∏è‚Äç#ENCHELLA #ENCHELLA2025 #ENHYPEN #COACHELLA2025;bangga bangett urii vampireenchella enchella enhypen coachella
@Engy_0_7 BANGGA BANGETT URII VAMPIREÔ∏è‚ÄçÔ∏è‚Äç#ENCHELLA #ENCHELLA2025 #ENHYPEN #COACHELLA2025;bangga bangett urii vampireenchella enchella enhypen coachella
@TheePopCore BANGGA BANGETT URII VAMPIREÔ∏è‚ÄçÔ∏è‚Äç#ENCHELLA #ENCHELLA2025 #ENHYPEN #COACHELLA2025;bangga bangett urii vampireenchella enchella enhypen coachella
@FORESHAD0WS BANGGA BANGETT URII VAMPIREÔ∏è‚ÄçÔ∏è‚Äç#ENCHELLA #ENCHELLA2025 #ENHYPEN #COACHELLA2025;bangga bangett urii vampireenchella enchella enhypen coachella
@enginafess Di rangkum aja yah saking bingung dan reog nya #ENCHELLA2025 #ENHYPEN #ENHYPENinCoachella https://t.co/B1jtiUDQzA;rangkum aja yah saking bingung reog nya enchella enhypen enhypenincoachella
@heya2_mew POKOKNYA ENHA IN COACHELLA LITERALLY ATE AND LEFT NO CRUUUMBSSS GNTENG GNTENG BENEERR COWO KT AHAY Ô∏è TOP TOP AND BANGGA BNGTTT @nxt2ins_j #ENCHELLA #ENCHELLA2025 #ENHYPENinCoachella;pokoknya enha in coachella literally ate and left no cruuumbsss gnteng beneerr cowo kt ahay top bangga bngttt enchella enhypenincoachella
@rikipick DILAN YANG INI MAH AKU MAU #Coachella2025 #ENHYPEN #ENCHELLA2025;dilan mah coachella enhypen enchella
@heya2_mew Haii kaa aku mau ikut GA nya dongg enjoy your life kaa btw enchella kemaren gacorr#ENCHELLA #ENCHELLA2025 #ENHYPENinCoachella;haii kaa ga nya dongg enjoy your life btw enchella kemaren gacorrenchella enhypenincoachella
MEMANG KEREN SAYANG SAYANGKU ITUHH‚Äç‚ÜîÔ∏è‚Äç‚ÜîÔ∏è kaget bgt temenku yg notabene non-kpop tbtb bilang ke aku kayak gitu kek WOW?!?! ENHYPEN KALIAN MEMANG KEREN BGTT BANGGAÔ∏è‚ÄçÔ∏è‚Äç dredek biasnya sapa y #ENCHELLA #ENCHELLA2025 #ENHYPEN #Coachella2025 https://t.co/888yhEKpnk;keren sayang sayangku ituhh kaget bgt temenku yg notabene nonkpop tbtb bilang kayak gitu kek wow enhypen bgtt bangga dredek biasnya sapa y enchella coachella
$spy $BTC SMSTR $SPY $QQQ $XPR $SOL SPEPE $SHIB $DOGE $AMC $GME #bbtvi #FestivalxBILLKIN #zelena #ENCHELLA2025 #SongkranCTWxFB;spy btc smstr qqq xpr sol spepe shib doge amc gme bbtvi festivalxbillkin zelena enchella songkranctwxfb
@heya2_mew izin ikutan ya kakk!! thanks for GA nya semoga slalu diberi rezeki sebanjir banjirnya wml wml @lhexhng #ENHYPEN #ENCHELLA #ENCHELLA2025 #COACHELLA2025;izin ikutan ya kakk thanks for ga nya semoga slalu rezeki sebanjir banjirnya wml enhypen enchella coachella
Saking gak ada nya yg bisa di hate dari penampilan enha kemarin makanya hatters cari cari celah ya wkwk?? Kasian bgtt mending urusin fav kalian aja gak sihh dari pada ngurusin anak anak ku #ENHYPEN #ENCHELLA2025 #ENCHELLA #VAMPIRESINTHEDESERT;saking gak nya yg hate penampilan enha kemarin hatters cari celah ya wkwk kasian bgtt mending urusin fav aja sihh ngurusin anak ku enhypen enchella vampiresinthedesert
@heya2_mew aku @glamourusnz bangga sekali bisa berada di posisi di mana menyaksikan sevenhypen perform di coachella and as always mereka tampil dengan performa yang sangat indah #ENCHELLA2025 #ENHYPEN #ENCHELLA;bangga posisi menyaksikan sevenhypen perform coachella and as always tampil performa indah enchella enhypen
temen ku bikin fan art jay keren banget buset Ô∏è‚Äç #JAY #JAYatCOACHELLA #ENCHELLA #ENCHELLA2025 https://t.co/6LYsN4lrkA;temen ku bikin fan art jay keren banget buset jayatcoachella enchella
NISHIMURA RIKI!! #ENHYPEN #ENCHELLA2025 #ENGENES #Ni_ki #Nishimura #Coachella2025 #fyp„Ç∑ https://t.co/Bi3IzQAPpg;nishimura riki enhypen enchella engenes niki coachella fyp
@heya2_mew @simryeen thanks atas ga nyaa #ENCHELLA2025 #ENCHELLA;thanks ga nyaa enchella
Let me explain how I feel Huhu Seneng banget #ENHYPEN #ENCHELLA #ENCHELLA2025 #Coachella2025 Kim Sunoo yang keliatan super excited dia keliatan fun banget di stage ga keliatan capek samsek nikmati bangettt. Padahal siapa sih yg ga capek dihajar 40.34 menit kann. Hebat;let me explain how i feel huhu seneng banget enhypen enchella coachella kim sunoo keliatan super excited fun stage ga capek samsek nikmati bangettt sih yg dihajar menit kann hebat
gapapa gapapa hujat aja emang klo sukses tuh harus ada aja cobaannya untuk lebih suksesÔ∏è #ENCHELLA #ENCHELLA2025 #Coachella2025;gapapa hujat aja emang klo sukses tuh cobaannya enchella coachella
Cung yg disini pd nangis terus gara¬≤ liat ENHA ? Bener¬≤ bangga bgt sihh gue kayak yg ngebesarin anak anak dari sebelom telor ILAND pecah ampe skrg Pliss sumpah gabisa berenti bilang BANGGA sama kalian @ENHYPEN_members Ô∏è‚Äç @ENHYPEN #ENCHELLA #Coachella2025 #ENCHELLA2025 Ô∏è‚ÄçÔ∏è‚Äç https://t.co/TUnBWboaS6;cung yg pd nangis gara liat enha bener bangga bgt sihh gue kayak ngebesarin anak sebelom telor iland pecah ampe skrg pliss sumpah gabisa berenti bilang enchella coachella
LISA IKUT NONTON #ENCHELLA #enhypencoachella #ENCHELLA2025;lisa nonton enchella enhypencoachella
JAY KETERLALUAN BGTT GANTENG NYA #ENCHELLA #ENCHELLA2025 #enhypencoachella;jay bgtt ganteng nya enchella enhypencoachella
Tiga eks TPN OPM kembali ke pangkuan NKRI dan berkomitmen wujudkan Papua Damai. #PapuaDamai #PapuaNKRI #PapuaViral #Indonesia #MBGPapua #Coachella #ENCHELLA2025 #ParisRoubaix https://t.co/KUcXf2Na5M;eks tpn opm pangkuan nkri berkomitmen wujudkan papua damai papuadamai papuankri papuaviral indonesia mbgpapua coachella enchella parisroubaix
@heya2_mew izin ikutan ya btw thank for the GA sekeren itu penampilan mereka di coachella asli bangga banget liat usaha mereka sampe detik ini Ô∏è‚Äçbismillah wml @vayungxz #ENHYPEN #ENCHELLA #ENCHELLA2025 #COACHELLA2025;izin ikutan ya btw thank for the ga sekeren penampilan coachella asli bangga banget liat usaha sampe detik bismillah wml enhypen enchella
Sehat sehat terus ya anak anak enhypen aku mencintai kalian +Salam cinta dari engene IndonesiaÔ∏è #ENCHELLA2025 https://t.co/qNZefWnEOM;sehat ya anak enhypen mencintai salam cinta engene indonesia enchella
Btw si merah apakabar ya habis mengguncang dunia tadi malam #heeseung #LEEHEESEUNG #COACHELLA2025 #ENCHELLA #ENCHELLA2025 #ENHYPEN #ENHYPEN_HEESEUNG https://t.co/FhriEn0JKM;btw si merah apakabar ya habis mengguncang dunia malam heeseung leeheeseung coachella enchella enhypen enhypenheeseung
@abcdenhaipen lulusan pondok iland terharu bgtt #ENCHELLA2025;lulusan pondok iland terharu bgtt enchella
Huhu sobrang saya lang ng baby ko na yan #SUNOO #ENCHELLA2025;huhu sobrang lang ng baby ko na yan sunoo enchella
@heya2_mew Hai kak izin ikutan ya. Tysm wml @precioushimj #ENCHELLA #ENCHELLA2025 #ENHYPEN;hai kak izin ikutan ya tysm wml enchella enhypen
Gak sabar Minggu depan #ENCHELLA #ENCHELLA2025 #COACHELLA2025 #ENHYPEN;gak sabar minggu enchella coachella enhypen
@heeyunkipages Cakep bgt dia rambut baru #ENCHELLA2025 #COACHELLA2025 #ENHYPEN https://t.co/Z3ttUWNhM6;cakep bgt rambut enchella coachella enhypen
Sayang matchy matchy sana silang dalawa oh Pero omg Sunghoon bat ka nalipad? #Pocketz #SunWon #ENHYPEN #ENHYPEN_SUNOO #ENHYPEN_JUNGWON #ENCHELLA #ENCHELLA2025 https://t.co/ymx4gkN3vW;sayang matchy silang dalawa oh pero omg sunghoon bat ka nalipad pocketz sunwon enhypen enhypensunoo enhypenjungwon enchella
@hoonbelove INI INIII GILA HEESEUNG RAMBUT MERAH #ENCHELLA2025 #COACHELLA2025 #ENHYPEN https://t.co/iknWIU2p8k;iniii gila heeseung rambut merah enchella coachella enhypen
@hoonbelove Sukaaa sekali sama abang kecyill #ENCHELLA2025 #COACHELLA2025 #ENHYPEN https://t.co/rq22u9Yuh3;sukaaa abang kecyill enchella coachella enhypen
@heya2_mew bismillah done all rules ya kak!! thanks buat GA nya semoga aku luckyyyg @brumy #ENHYPEN #ENCHELLA #ENCHELLA2025 #COACHELLA2025;bismillah done all rules ya kak thanks ga nya semoga luckyyyg enhypen enchella coachella
tadi pagi sebelum upacara masih sempet ngeliatin fancam enchella pas upacara aku takut banget tiba tiba teriak COACHELLAAA ala ala lisa‚Äç‚ÜîÔ∏è‚Äç‚ÜîÔ∏è #ENHYPEN #ENCHELLA2025 #enchella;pagi upacara sempet ngeliatin fancam enchella pas takut banget teriak coachellaaa ala lisa enhypen
@nattylovejay #ENCHELLA2025 #ENHYPEN #COACHELLA2025 menyalaaaaa;enchella enhypen coachella menyalaaaaa
@dankebby kecintaan banget kamu kak sama sih #SUNOO_SpiceUp_Coachella #SUNOO #ENCHELLA2025 #ENCHELLA;kecintaan banget kak sih sunoospiceupcoachella sunoo enchella
eh haters ini #enhypen udah ngga ada celah ya buat kalian jelek'in kalo masih aja ada yg jelek'in itu tandanya lu iri‚ÄºÔ∏è plsss enhypen kalian keren banget+++ let's gaurr minggu dpan lagii‚Äç #ENCHELLA2025 #COACHELLA2025 https://t.co/7ctwP2atQT;eh haters enhypen udah ngga celah ya jelekin kalo aja yg tandanya lu iri plsss keren banget lets gaurr minggu dpan lagii enchella coachella
@ENHYPEN_INA @coachella @Prada guys jam tampil enhypen tanggal 20 april sama kayak yang 12 april kah? CROSSING THE BORDER TO COACHELLA #ENHYPENinCoachella_D1 #ENCHELLA2025 #COACHELLA @ENHYPEN_members @ENHYPEN;guys jam tampil enhypen tanggal april kayak kah crossing the border to coachella enhypenincoachellad enchella
Sejauh 2025 #ENCHELLA2025 bakal jadi kenangan terepic tahun ini deh mereka keren bangetttt super proud Walaupun Heeseung tebar jala bgt gkpp deh gue ikhlas banget;enchella kenangan terepic deh keren bangetttt super proud heeseung tebar jala bgt gkpp gue ikhlas banget
@heya2_mew done all rules izin ikutan yaa @shinnchans #ENCHELLA #ENHYPEN #ENCHELLA2025 #COACHELLA2025;done all rules izin ikutan yaa enchella enhypen coachella
@Puma24Girl NISHIMURA RIKI #ENCHELLA #ENCHELLA2025 #COACHELLA2025 #ENHYPEN;nishimura riki enchella coachella enhypen
@jsyrwmin 1. Sunghoon 2. Ni-ki 3. Jake #ENCHELLA2025 #COACHELLA2025 #ENHYPEN;sunghoon niki jake enchella coachella enhypen
@enhypenupdates Ganteng banget #COACHELLA2025 #ENCHELLA2025 #ENHYPEN #SUNGHOON;ganteng banget coachella enchella enhypen sunghoon
@chaaasim Semoga semua yang dikerjakan lancar dan sehat #Coachella2025 #ENCHELLA2025 #ENCHELLA #ENHYPEN;semoga lancar sehat coachella enchella enhypen
Minggu depan criminal love please ‚ÄçÔ∏è‚ÄçÔ∏è‚ÄçÔ∏è‚ÄçÔ∏è‚ÄçÔ∏è‚ÄçÔ∏è‚ÄçÔ∏è‚ÄçÔ∏è‚ÄçÔ∏è #ENCHELLA #COACHELLA2025 #ENHYPEN #ENHYPENinCoachella_D1 #ENCHELLA2025;minggu criminal love please enchella coachella enhypen enhypenincoachellad
Wahh setlist kocela enha mantabbb semuaaaa manaa keren semua performnya gaada yg zonk #ENHYPEN #COACHELLA2025 #ENCHELLA2025;wahh setlist kocela enha mantabbb semuaaaa manaa keren performnya gaada yg zonk enhypen coachella enchella
Hari ini ter HEESEUNG HEESEUNG pokok eeeeeeeee pusingggg~~ menyala Red hair #COACHELLA2025 #heeseung #ENCHELLA2025;ter heeseung pokok eeeeeeeee pusingggg menyala red hair coachella enchella
Surah ul kafiron #surahulkafiron #ÿßŸÑŸÇÿ±ÿßŸÜ_ŸÜŸàÿ± #quran #ÿßŸÑŸÇÿ±ÿßŸÜ_ŸÜŸàÿ±_ÿ≠Ÿäÿßÿ™Ÿä #COACHELLA2025 #ENCHELLA #deprem #„Ç≠„É£„Çπ„Çø„Éº #amici24 #Coachella #JENCHELLA #ENCHELLA2025 #ParisRoubaix https://t.co/xAAapzYx4H;surah ul kafiron surahulkafiron quran coachella enchella deprem amici jenchella parisroubaix
#deprem Van kayyum Amasya #ENCHELLA #„Ç≠„É£„Çπ„Çø„Éº #ENCHELLA2025 #ENCHELLA2025 #ParisRoubaix #‡∏™‡∏á‡∏Å‡∏£‡∏≤‡∏ô‡∏ï‡πå‡πÅ‡∏ã‡∏ô‡∏ï‡πâ‡∏≤‡∏°‡∏≤‡πÄ‡∏î‡∏≠‡∏∞‡∏°‡∏≠‡∏•‡∏•‡πå;deprem van kayyum amasya enchella parisroubaix
yang mau pesan foto kaya gini start mulai 5K/Foto #joongdunkau #ENCHELLA #ENCHELLA2025 #JoongDunk https://t.co/2AzOkZsOhE;pesan foto kaya gini start kfoto joongdunkau enchella joongdunk
"WTS!! Iqiyi sharing 2 bulan cuma 10k minat? DM! CARI YANG SERIUS Payment? via gopay &amp; shopeepay #COACHELLA2025 #ENCHELLA #deprem #„Ç≠„É£„Çπ„Çø„Éº #amici24 #Coachella #JENCHELLA #ENCHELLA2025 #ParisRoubaix #‡∏™‡∏á‡∏Å‡∏£‡∏≤‡∏ô‡∏ï‡πå‡πÅ‡∏ã‡∏ô‡∏ï‡πâ‡∏≤‡∏°‡∏≤‡πÄ‡∏î‡∏≠‡∏∞‡∏°‡∏≠‡∏•‡∏•‡πå #GoodDay #GAGACHELLA #JENCHELLA2025 #XFestival2025";wts iqiyi sharing k minat dm cari serius payment via gopay amp shopeepay coachella enchella deprem amici jenchella parisroubaix goodday gagachella xfestival
Insta lo dorikindi #COACHELLA2025 #ENCHELLA #SongkranCTWxFB #deprem #amici24 #‡∏ü‡∏£‡∏µ‡∏ô‡πÄ‡∏ö‡∏Ñ #CTWSongkranFest2025 #Coachella #ENCHELLA2025 #Bitcoin #DCvsMI #RRvsRCB #CSK #dhoni #ViratKohliìÉµ #rayudu https://t.co/o7Kf09zKW1;insta lo dorikindi coachella enchella songkranctwxfb deprem amici ctwsongkranfest bitcoin dcvsmi rrvsrcb csk dhoni viratkohli rayudu
enhypen kalian selalu membanggakan #ENCHELLA2025 #ENCHELLA #COACHELLA2025 https://t.co/ZUzrR77Rav;enhypen membanggakan enchella coachella
@ENHYPEN_members MAKASIH BUAT HARI INIII IKEUUU YOU DID SOOO WELLLLL #ENCHELLA2025 #ENCHELLA #COACHELLA2025 #ENHYPEN;makasih iniii ikeuuu you did sooo welllll enchella coachella enhypen
@silliereginaa TAPI SEMUANYAAA KEEREEENN KOKKK TERIMAKASIH ATAS KERJA KERASNYA #ENHYPEN #ENCHELLA2025;semuanyaaa keereeenn kokkk terimakasih kerja kerasnya enhypen enchella
rindu itu berat kamu ga akan kuat biar aku saja #JAKE #COACHELLA2025 #ENCHELLA2025 #ENHYPEN @ENHYPEN_members https://t.co/vJzHrueW7e;rindu berat ga kuat biar jake coachella enchella enhypen
akhirnya dilan muncul ke permukaan #ENHYPEN #ENCHELLA #ENCHELLA2025 #ENHYPEN_JAKE https://t.co/ocqTVUSyL9;dilan muncul permukaan enhypen enchella enhypenjake
MAKASIH JUNGWON MAKASIH HEESEUNG MAKASIH JAY MAKASIH JAKE MAKASIH SUNGHOON MAKASIH SUNOO MAKASIH NI-KI TERIMA KASIH ENHYPEN!!!!! BANGGA BANGET SAMA KALIAANN #ENCHELLA2025 #ENCHELLA #COACHELLA2025;makasih jungwon heeseung jay jake sunghoon sunoo niki terima kasih enhypen bangga banget kaliaann enchella coachella
SOOOOO PROUUDDD YOU GUYSS!!! SAYAANGKU CINTAAKUU #ENCHELLA #COACHELLA2025 #ENHYPEN #ENCHELLA2025 https://t.co/vfoBrCBBRx;sooooo prouuddd you guyss sayaangku cintaakuu enchella coachella enhypen
Seneng bgt liat qrt dr sini semua komenannya positif dan bangga sm Jay you deserve Jay My ROCKSTAR JAY #JAYatCOACHELLA #ENCHELLA2025 #ENHYPEN #ENHYPEN_JAY;seneng bgt liat qrt dr komenannya positif bangga sm jay you deserve my rockstar jayatcoachella enchella enhypen enhypenjay
GILA IMPACTNYA EVEN ENHA UDAH TURUN DAN STAGE UDA MATI PUN MASIH PADA TERIAKIN ENHAÔ∏èÔ∏è kalo gue disana gue treak ENCOREEEEEEEÔ∏èÔ∏èÔ∏è #ENHYPEN #ENCHELLA2025 #ENCHELLA #Coachella #COACHELLA2025 https://t.co/V5xo3LBchI;gila impactnya even enha udah turun stage uda mati teriakin kalo gue disana treak encoreeeeeee enhypen enchella coachella
Nahi#Coachella #Coachella #ENCHELLA #jeddah #ENCHELLA2025 #Coachella #deprem #Â§ßÊ≤≥„Åπ„Çâ„Åº„ÅÜ https://t.co/BlSZQQaJtC;nahicoachella coachella enchella jeddah deprem
@AboutMusicYT NISHIMURA RIKI #ENCHELLA2025 #ENHYPEN #NI_KI https://t.co/CEy8C80d49;nishimura riki enchella enhypen niki
@kenapaharusJake Era yang bikin aku naksir sampe sekarang Pliss semoga aku dapat baseus #ENHYPENonJimmyKimmelLive #EN_Loose #ENHYPENinCoachella_D2 #ENCHELLA2025 #COACHELLA @ENHYPEN_members @ENHYPEN https://t.co/jRiMbHOkRk;era bikin naksir sampe pliss semoga baseus enhypenonjimmykimmellive enloose enhypenincoachellad enchella coachella
si haters yang iri dengki sama enhypen pasti bingung bgt nyari letak kesalahan enhypen selama performance coachella saking gacor nya sampai bingung WKWKWK MENYALAA TUJUHH BUJANG KUU semakin di hujat semakin menyala ITU LAH ENHYPEN #ENCHELLA #COACHELLA2025 #ENCHELLA2025 https://t.co/tOztfAkRgS;si haters iri dengki enhypen bingung bgt nyari letak kesalahan performance coachella saking gacor nya wkwkwk menyalaa tujuhh bujang kuu hujat menyala enchella
jungwon nih bener kegerahan yaa #ENHYPEN #JUNGWON #ÏóîÌïòÏù¥Ìîà #Ï†ïÏõê #„Ç∏„Éß„É≥„Ç¶„Ç©„É≥ #ENCHELLA2025 #ENCHELLA #Coachella2025 #Coachella https://t.co/ma4S0tfK8p;jungwon nih bener kegerahan yaa enhypen enchella coachella
"@starfess pacarku &lt;3 #ENHYPEN #ENCHELLA2025 #ENCHELLA #COACHELLA2025 https://t.co/gXyJXGGrTk";pacarku lt enhypen enchella coachella
Si rambut hitam yg licin gpp kmu emg Rockstar Jay #JAYatCOACHELLA #ENHYPEN #ENCHELLA2025 #ENHYPEN_JAY;si rambut hitam yg licin gpp kmu emg rockstar jay jayatcoachella enhypen enchella enhypenjay
Adeeee ganteng banget sihh kamu hari ini keren banget!! DANCE KAMU POWERFULL PARAH! BELUM VOCALNYAA AAARRGGHH MELELEH AKUU DEEE Thank you getty images VAMPIRES IN THE DESERT #NI_KI #ENCHELLA #ENCHELLA2025 #ENHYPEN #Coachella #COACHELLA2025 https://t.co/jUdwB78Goi;adeeee ganteng banget sihh keren dance powerfull parah vocalnyaa aaarrgghh meleleh akuu deee thank you getty images vampires in the desert niki enchella enhypen coachella
Kalian lanjutin hidup duluan aja guys aku masih stuck di sini ga bisa cari jalan keluar @ENHYPEN_members #ENCHELLA2025 #ENCHELLA #ENHYPEN #Coachella2025 #heesung https://t.co/CXi4xCWEDl;lanjutin hidup duluan aja guys stuck ga cari jalan enchella enhypen coachella heesung
Enhypen bawain Moonstruck di Coachella pas banget lagi pink full moon dan ternyata Jake sendiri yang minta untuk nambahin moonstruck ke setlist!!! Gilaaaa keren dan indah bangettt Makasih Jake #JAKE #ENCHELLA #ENCHELLA2025 #ENHYPEN #Coachella #COACHELLA2025 https://t.co/F6lyCdssqs;enhypen bawain moonstruck coachella pas banget pink full moon jake nambahin setlist gilaaaa keren indah bangettt makasih enchella
"@chaaasim happy bday!! wishing all the good things for you semoga apa yg kamu impiin bisa terwujud perlahan for my beloved enha semoga makin banyak yg support &amp; suka karya mereka selalu dikelilingi orang2 baik daan sukses terus karirnya #ENCHELLA2025 #ENCHELLA #ENHYPEN #COACHELLA2025";happy bday wishing all the good things for you semoga yg impiin terwujud perlahan my beloved enha support amp suka karya dikelilingi orang daan sukses karirnya enchella enhypen coachella
@kenapaharusJake maw ikutaaaan #ENHYPENonJimmyKimmelLive #EN_Loose #ENCHELLA2025 #COACHELLA #ENHYPEN @ENHYPEN @ENHYPEN_member https://t.co/KHRnqGqBNa;maw ikutaaaan enhypenonjimmykimmellive enloose enchella coachella enhypen
Tadi pas nonton juga salfok ini pas part dazed dazed dazed jungwon jauhin mic bener2 ga kedenger backtracknya the mic is on yall #ENHYPEN #JUNGWON #ÏóîÌïòÏù¥Ìîà #Ï†ïÏõê #„Ç∏„Éß„É≥„Ç¶„Ç©„É≥ #ENCHELLA2025 #ENCHELLA #Coachella2025 #Coachella https://t.co/mW57gr7NN1;pas nonton salfok part dazed jungwon jauhin mic bener ga kedenger backtracknya the is on yall enhypen enchella coachella
enhypen hari ini tidur nyenyak #ENCHELLA2025 https://t.co/ALZtqTGN1Q;enhypen tidur nyenyak enchella
stan era WAKE UP IN DAY ONE alhamdulillah nyampe ke era WAKE UP IN COACHELLA lol #ENCHELLA2025 makasih yaa udh usaha kerasss @ENHYPEN_members bangga banget aku tuhh makin ksini makin gapeduli kata haters soalnya udh dikasih bukti kalau 7 cuwu ku ini berkualitas ;stan era wake up in day one alhamdulillah nyampe coachella lol enchella makasih yaa udh usaha kerasss bangga banget tuhh ksini gapeduli haters dikasih bukti cuwu ku berkualitas
ini keadaan aku selama menonton #ENCHELLA2025 modal kuota https://t.co/GGOSV14XQz;menonton enchella modal kuota
Penat #ENCHELLA2025;penat enchella
 Jadilah Kritis Bukan Memprovokasi! Bersuara itu hak kita. Tapi pastikan suara kita membangun bukan menghancurkan. Suara perubahan itu penting tapi jangan sampai salah arah.#ENCHELLA2025 #pemimpinbersihnggacawecawe #MOQEELatAGZEps132 #serangbersamaandikananang #Amorim #Jokowi https://t.co/jxzqHKooXp;kritis memprovokasi bersuara hak pastikan suara membangun menghancurkan perubahan salah arahenchella pemimpinbersihnggacawecawe moqeelatagzeps serangbersamaandikananang amorim jokowi
@freenameee izin ikutan ya kak!! thanks for GA wml wml #ENCHELLA2025 #ENCHELLA #COACHELLA2025 #ENHYPEN;izin ikutan ya kak thanks for ga wml enchella coachella enhypen
@freenameee izin ikutan GA nya di saat saat terakhir kakk omg makasii udah adain giveaway. GA SABAR BUAT MINGDEP #ENCHELLA2025 #ENCHELLA #COACHELLA2025 #ENHYPEN;izin ikutan ga nya kakk omg makasii udah adain giveaway sabar mingdep enchella coachella enhypen
@freenameee BANGGA BNGTT SAMA ENHAA #ENCHELLA2025 #ENCHELLA #COACHELLA2025 #ENHYPEN;bangga bngtt enhaa enchella coachella enhypen
@freenameee thanks for the ga kaa bangga banget sama enhypen #ENCHELLA2025 #ENCHELLA #COACHELLA2025 #ENHYPEN;thanks for the ga kaa bangga banget enhypen enchella coachella
mereka bener-bener mau ngebuktiin gak cuma bisa nyanyi tapi JAGO NYANYI DAN NGENAKIN LAGU #ENHYPEN #ENCHELLA2025 #ENCHELLA #COACHELLA2025;benerbener ngebuktiin gak nyanyi jago ngenakin lagu enhypen enchella coachella
YA ALLAH KEREN BANGETTTTTTT MANGAP MULU SEPANJANG NONTONÔ∏èÔ∏èÔ∏èÔ∏èÔ∏èÔ∏èÔ∏è #ENHYPEN #ENCHELLA #ENHYPENinCoachella_D1 #ENCHELLA2025 #Coachella #enhypencoachella https://t.co/EhyDAJtkSr;ya allah keren bangettttttt mangap mulu nonton enhypen enchella enhypenincoachellad coachella enhypencoachella
gacor abis leader kita ini en- #ENCHELLA2025;gacor abis leader en enchella
Wajib kasi tanda dikalender #ENCHELLA2025 #COACHELLA2025 #ENHYPEN;wajib kasi tanda dikalender enchella coachella enhypen
Cari duit gampang amat ya #fyp #viralreelschallenge #podcast #podcastindonesia #podcastdewasa #podcastviral #Tupperware #NETJJ #ENCHELLA2025 #BOYNEXTDOOR https://t.co/y1GJxUZPVz;cari duit gampang ya fyp viralreelschallenge podcast podcastindonesia podcastdewasa podcastviral tupperware netjj enchella boynextdoor
Sebangga itu sm anak ini #JAYatCOACHELLA #ENCHELLA2025 #ENHYPEN https://t.co/x27OPIJuqz;sebangga sm anak jayatcoachella enchella enhypen
Sekitaran taman sari jakarta barat wajib banget cobain Richeese faktori ini rasanya juara pesan sekarang di shopee food ada voucher diskon juga Link toko https://t.co/lr8tj7vnyn #ENCHELLA2025 #Coachella2025 #ShopeeID #shopeefooddiskonramerame https://t.co/CbQy66j06e;sekitaran taman sari jakarta barat wajib banget cobain richeese faktori juara pesan shopee food voucher diskon link toko enchella coachella shopeeid shopeefooddiskonramerame
@enginafess MENYALAA #ENCHELLA2025;menyalaa enchella
edisi nobar #ENCHELLA2025 bareng binyun @moonstruckest lalu kita photobooth (mw foto frame jay tp gaada bjir jadinya frame mark awokwok) lalu maem ke kopi mandja ^____^ https://t.co/u4xBjlXhET;edisi nobar enchella bareng binyun photobooth mw foto frame jay tp gaada bjir mark awokwok maem kopi mandja
@illitpopbase_ Adik kecil ILLIT yang menggemaskan peluk gllit adek satu satunya enha VAMPIRES IN THE DESERT #ENHYPEN #ENCHELLA2025 #COACHELLA2025 #ENCHELLA;adik illit menggemaskan peluk gllit adek satunya enha vampires in the desert enhypen enchella coachella
RAMBUT MERAH JGN SAMPE LOLOS LEE HEESEUNG GILAAA MENYALA BGTTTÔ∏è‚ÄçÔ∏è‚ÄçÔ∏è‚Äç #ENHYPEN #ENCHELLA2025 #COACHELLA2025 #ENHYPEN_HEESEUNG https://t.co/eqVKEq5LUP;rambut merah jgn sampe lolos lee heeseung gilaaa menyala bgttt enhypen enchella coachella enhypenheeseung
gatau lagi harus bangga dengan gaya apa sama anak ini #ENHYPEN #ENCHELLA2025 #COACHELLA2025;gatau bangga gaya anak enhypen enchella coachella
"@freenameee semoga setelah coachella tadi enhypen makin besar &amp; makin banyaak orang yang melek &amp; sadar kalo enhypen tuh kereen banget coachella udah ditaklukkan abis ini dunia !! proud of them always Ô∏è. &amp; thanks for the GA kak wml hehe #ENCHELLA2025 #ENCHELLA #COACHELLA2025 #ENHYPEN https://t.co/Eb7Be5zW3r";semoga coachella enhypen amp banyaak orang melek sadar kalo tuh kereen banget udah ditaklukkan abis dunia proud of them always thanks for the ga kak wml hehe enchella
GILAAA (saya yg gila) park jongseong+park sunghoon ganteng bgtttt woyyy #ENHYPEN #ENCHELLA2025 #COACHELLA2025 #ENHYPEN_JAY #ENHYPEN_SUNGHOON https://t.co/mz7xf6CQ4w;gilaaa yg gila park jongseongpark sunghoon ganteng bgtttt woyyy enhypen enchella coachella enhypenjay enhypensunghoon
eh ini enhypen udah ada yg drag lagi jd ga sabar bakal ada good news apa #ENCHELLA2025 #COACHELLA2025 #ENHYPEN;eh enhypen udah yg drag jd ga sabar good news enchella coachella
@abcdenhaipen aku malem sebelum enchella ini ovt banget takut nanti kalo enha ga sengaja ngelakuin di drag habis2an tapi semuanya berbeda mereka bener2 nyiapin dengan mateng dan strategi mrka tuh pas banget VAMPIRES IN THE DESERT #ENHYPEN #ENCHELLA2025 #COACHELLA2025 #ENCHELLA;malem enchella ovt banget takut kalo enha ga sengaja ngelakuin drag habisan berbeda bener nyiapin mateng strategi mrka tuh pas vampires in the desert enhypen coachella
BANGGA BGT SAMA ENHA #ENCHELLA2025;bangga bgt enha enchella
terharuuu banget temenku yang demen western abiss nge komen enhypen with warm and pleasant words.. jagoanku menduniaÔ∏è‚Äç #ENHYPEN #ENCHELLA2025 https://t.co/oKfNVqogY9;terharuuu banget temenku demen western abiss nge komen enhypen with warm and pleasant words jagoanku mendunia enchella
Dilan mainnya jauh yaaa Ô∏è #ENCHELLA2025 #JAKE https://t.co/tPim4VXwh2;dilan mainnya yaaa enchella jake
@freenameee Thank you kaa uda adain GA wmll #ENCHELLA2025 #ENCHELLA #COACHELLA2025 #ENHYPEN;thank you kaa uda adain ga wmll enchella coachella enhypen
VAMPIRES IN THE DESERT #ENHYPEN #ENCHELLA2025 #COACHELLA2025 #ENCHELLA Bentar lagi 2M tuh Hashtag ENCHELLA https://t.co/3ezJ1aFj6b;vampires in the desert enhypen enchella coachella bentar m tuh hashtag
@freenameee Thank you for GA ka WE PROUD OF YOUU ENHYPENNNN AKU SMPE GABISA BERWORD WROD LGI SAKING KERENNYA #ENCHELLA2025 #ENCHELLA #COACHELLA2025 #ENHYPEN https://t.co/05R36kfmc9;thank you for ga ka we proud of youu enhypennnn smpe gabisa berword wrod lgi saking kerennya enchella coachella enhypen
VIRAL! Inilah Reaksi Lisa BLACKPINK Saat Melihat Penampilan ENHYPEN di Coachella 2025. Netizen: LISA Datang Nonton ENCHELLA Buat Jogde XO #LISACHELLA #LISA #ENCHELLA2025 #ENHYPEN #COACHELLA2025 #Kpop #ConnecID https://t.co/DFWxLwZzcx;viral reaksi lisa blackpink penampilan enhypen coachella netizen nonton enchella jogde xo lisachella kpop connecid
SUNOO CAKEP BANGET YAAMPUNNN #ENCHELLA #ENCHELLA2025 #Coachella #ENHYPEN https://t.co/2USI6UTWeb;sunoo cakep banget yaampunnn enchella coachella enhypen
Duh bang #ENCHELLA2025 https://t.co/taFHtu7wZp;duh bang enchella
jake ini aku milea...(logat australia) #ENCHELLA2025 https://t.co/PSotvzMCvc;jake milealogat australia enchella
#HEESEUNG #ENCHELLA2025 gaada obenggg ;heeseung enchella gaada obenggg
Oknum yang bikin oleng adalah si merah #ENCHELLA2025 #HEESEUNG #ENHYPENinCoachella_D1 https://t.co/4dFhIKwpiM;oknum bikin oleng si merah enchella heeseung enhypenincoachellad
GW SUKA BANGET bring the heat back TRIMS UDAH BAWA BTHB KE COACHELLA YA @ENHYPEN #ENCHELLA2025;gw suka banget bring the heat back trims udah bawa bthb coachella ya enchella
an angel #NI_KI #ÎãàÌÇ§ #ENCHELLA2025 https://t.co/SXdRIX5oMW;an angel niki enchella
Ternyata semngat mereka udah dri 2 tahun yang lalu. Bangga sama kalian I never forget for your perfomance today üáÆüá© #ENHYPEN #ENCHELLA2025 #SAHARA #LA #COACHELLA2025 @ENHYPEN_members https://t.co/r7jq4TX0TU;semngat udah dri bangga i never forget for your perfomance today enhypen enchella sahara la coachella
FOGI!!!!! ng heesun #ENCHELLA2025 #ENHYPEN #Coachella #SUNOO #HEESEUNG https://t.co/KEZB0KwgY5;fogi ng heesun enchella enhypen coachella sunoo heeseung
kinghoon #SUNGHOON #ÏÑ±Ìõà #HOONCHELLA #ENCHELLA2025;kinghoon sunghoon hoonchella enchella
@chaaasim semoga enha dan kakaknya all happy healthy lucky and safe Happy birthday ya kak #ENCHELLA #ENCHELLA2025 #COACHELLA2025;semoga enha kakaknya all happy healthy lucky and safe birthday ya kak enchella coachella
Kita udh di tahap enhypen tampil di Coachella ALIAS LU KEREN BNGT BRUHH #ENHYPENinCoachella_D1 #ENCHELLA2025 #ENCHELLA;udh tahap enhypen tampil coachella alias lu keren bngt bruhh enhypenincoachellad enchella
Sayangku cintaku cantik sekali Terimakasih sudah melakukan yang terbaik hari ini sayang terimakasih atas kerja kerasnya kamu keren banget Istrahat yang cukup And Stay healthy baby #ENHYPEN #ENCHELLA2025 #Coachella2025 #ÏÑ†Ïö∞ #SUNOO https://t.co/5U4eCycpmZ;sayangku cintaku cantik terimakasih terbaik sayang kerja kerasnya keren banget istrahat and stay healthy baby enhypen enchella coachella sunoo
Bangga banget sama kalian. Walaupun aku gk ngikutin kalian dr awal debut tp aku tau perjuangan kalian gumana mulai dr i-land sampai sekarang coachella. I'M PROUD OF YOU 7BOY #ENCHELLA2025 #Coachella;bangga banget gk ngikutin dr debut tp tau perjuangan gumana iland coachella im proud of you boy enchella
@freenameee mauu ikutannn #ENCHELLA2025 #ENCHELLA #COACHELLA2025 #ENHYPEN;mauu ikutannn enchella coachella enhypen
@jungreallywon titip wish ya Ô∏èENCHELLA DAY 2 BITE ME + DANCER CIWI¬≤ CANTIKÔ∏è #ENCHELLA2025 #ENHYPEN #Coachella2025;titip wish ya enchella day bite me dancer ciwi cantik enhypen coachella
#ENCHELLA #ENCHELLA2025 #COACHELLA2025 #ENHYPEN LEGENDARY!!!;enchella coachella enhypen legendary
@freenameee SOOOW PROUD OF THEMMM !!! semoga mereka bisa makin besar lagi makin banyak impian mereka yg bakal tercapai dan tentu mereka makin bahagiaaaa !!! #ENCHELLA #ENHYPEN #COACHELLA2025 #ENCHELLA2025 https://t.co/8gEBBoHPLr;sooow proud of themmm semoga impian yg tercapai bahagiaaaa enchella enhypen coachella
@chaaasim kakk chaa happy birthday yaaa i hope rezeki kak cha dilancarkan dan enhypen semakin sukses after coachella inii aaminn #ENCHELLA2025 #COACHELLA2025 #ENHYPEN;kakk chaa happy birthday yaaa i hope rezeki kak cha dilancarkan enhypen sukses after coachella inii aaminn enchella
Omegat bebs cantip+ganteng nyooo #ENCHELLA2025 #ENHYPEN_SUNOO https://t.co/7lgJJ8oHAo;omegat bebs cantipganteng nyooo enchella enhypensunoo
So proud of you sayangkuu Ô∏è‚Äç Terimakasih sudah memberikan penampilan yang spektakuler hari ini let's go #ENCHELLA sampai jumpa Minggu depan #ENCHELLA2025 #ENHYPEN #Coachella https://t.co/CDfKemgIca;so proud of you sayangkuu terimakasih penampilan spektakuler lets go enchella jumpa minggu enhypen coachella
SEBANGGAAAAA ITU GWWWWW COYYYYYYYY #ENCHELLA2025 #ENHYPEN #Coachella;sebanggaaaaa gwwwww coyyyyyyyy enchella enhypen coachella
@starfess Rambut nya klimis klimis ya #ENHYPEN #ENCHELLA2025 #COACHELLA2025;rambut nya klimis ya enhypen enchella coachella
@freenameee thanks for the GA kak! bangga bgt sama enhaa semoga makin terkenal dan sukses kedepannya #ENCHELLA2025 #ENCHELLA #COACHELLA2025 #ENHYPEN https://t.co/SO06Ce1VBq;thanks for the ga kak bangga bgt enhaa semoga terkenal sukses kedepannya enchella coachella enhypen
Heeseung ini LA Agenda nambah bini berhasil Kiw kiw red sexy guy #ENCHELLA2025 #ENHYPEN https://t.co/IJGrIBLZJw;heeseung la agenda nambah bini berhasil kiw red sexy guy enchella enhypen
#ENCHELLA2025 ini menghibur banget bikin bangga iya vocal sama stage presence gila banget udh gitu dikasih momen kapal gw lagi gilaaaa ;enchella menghibur banget bikin bangga iya vocal stage presence gila udh gitu dikasih momen kapal gw gilaaaa
AMPUNNN GW AMPUNNN #ENCHELLA2025 #ENHYPEN #JUNGWON https://t.co/BP2FrbsMX9;ampunnn gw enchella enhypen jungwon
@jaeyunutella nahh duo ini gacor hotnya #ENHYPEN #ENCHELLA #ENCHELLA2025 #JUNGWON #HEESEUNG https://t.co/1ncSCjwSaY;nahh duo gacor hotnya enhypen enchella jungwon heeseung
@freenameee thank you kak udah adain giveaway ini! so proud of them karena bisa sampe ke titik ini.... huhu kehabisan kata kata untuk mereka pokoknya bangga banget! #ENCHELLA2025 #ENCHELLA #COACHELLA2025 #ENHYPEN https://t.co/81zzwatdpM;thank you kak udah adain giveaway so proud of them sampe titik huhu kehabisan pokoknya bangga banget enchella coachella enhypen
shim dilan 2025 #ENCHELLA2025;shim dilan enchella
@starfess yang habis tampil di coachella 2025 #ENCHELLA2025 https://t.co/giq6gqkBws;habis tampil coachella enchella
hari ini tercatat sebagai hari bahagia #ENCHELLA2025 #CUMAONIC;tercatat bahagia enchella cumaonic
@abcdenhaipen MANTAP WOIII ENHYPEN ENGENE POKOKNYA GUA SAYANG KALIAN. PLEASE UP KOMEN YANG PUJI ENHYPEN TAPI KALAU NEMU YANG HATE LANGSUNG REPORT AJA GAWSAH DI RAMEIN #COACHELLA2025 #ENHYPEN #ENCHELLA #ENCHELLA2025;mantap woiii enhypen engene pokoknya gua sayang please up komen puji nemu hate langsung report aja gawsah ramein coachella enchella
siapa yg tadi bingung bgt ditinggal enhypen tanpa ucap terimakasih atau goodbye atau apapun itu berasa ditinggal separuh jiwa sama para bujang ituuu #ENCHELLA2025 #ENHYPEN;yg bingung bgt ditinggal enhypen terimakasih goodbye apapun berasa separuh jiwa bujang ituuu enchella
KEREN BGT URI ENHYPEN #ENCHELLA2025 https://t.co/ODcI5jUjJb;keren bgt uri enhypen enchella
bener bener bangga banget sama mereka aku ngikutin dan dukung enhypen dari masih jaman telur dan sekarang mereka udah tumbuh BESAR #COACHELLA2025 #ENHYPEN #ENCHELLA #ENCHELLA2025 https://t.co/9kkiaGUg0x;bener bangga banget ngikutin dukung enhypen jaman telur udah tumbuh coachella enchella
LEGENDARY #ENCHELLA #ENCHELLA2025 #ENHYPEN #HEESEUNG https://t.co/hr50QZ8DsY;legendary enchella enhypen heeseung
gila gua nonton enhypen #ENCHELLA2025 #ENHYPENinCoachella_D1;gila gua nonton enhypen enchella enhypenincoachellad
beneran nambah istri blio ini #ENCHELLA #ENCHELLA2025 #COACHELLA2025 #ENHYPEN #HEESEUNG https://t.co/U0Q7t9V8qm;beneran nambah istri blio enchella coachella enhypen heeseung
ANJAYYYYY TRACK LIST NYA CAKEP BGTTTTT ENHAAA Ô∏è‚Äç #ENCHELLA2025 #ENHYPEN;anjayyyyy track list nya cakep bgttttt enhaaa enchella enhypen
eh gue beneran tadi di busway merinding sekujur badan gue beneran bangga bgt cok sama mereka #ENCHELLA2025 #ENHYPEN #COACHELLA2025;eh gue beneran busway merinding sekujur badan bangga bgt cok enchella enhypen coachella
alias LO KEREN BANGET SUMPAH PEN CINTA MATIK GUE AMA LO SEMUAA Ô∏è‚ÄçÔ∏è‚ÄçÔ∏è‚Äç #ENCHELLA2025 https://t.co/TqYxesrVnx;alias lo keren banget sumpah pen cinta matik gue ama semuaa enchella
baru nonton DAN INI SANGAT AMAAT MENGGUNCANG DAN UHUYYYY Ô∏è‚Äç #ENCHELLA2025 https://t.co/PBDY6KHS6l;nonton amaat mengguncang uhuyyyy enchella
DISINI GAADA YG OLENG KE BBYGROWL SUNOO KAH? GUE SEPANJANG NONTON MESMERIZED BGT LIAT SUNOO #ENCHELLA2025 #ENCHELLA #ENHYPEN https://t.co/hAFYYfw5Kj;gaada yg oleng bbygrowl sunoo kah gue nonton mesmerized bgt liat enchella enhypen
and yap suka bgt part sunghoon iniÔ∏è #ENHYPEN #ENCHELLA2025;and yap suka bgt part sunghoon enhypen enchella
@freenameee Wml semoga enhypen semakij jaya #ENCHELLA2025 #ENCHELLA #COACHELLA2025 #ENHYPEN;wml semoga enhypen semakij jaya enchella coachella
Suka banget paranormal versi #ENCHELLA #ENCHELLA2025;suka banget paranormal versi enchella
kalian keren banget jujur bangga sebangga bangga nya. you did it boysÔ∏è #enhypencoachella #COACHELLA2025 #ENHYPEN #ENCHELLA2025 https://t.co/HHv3ocQ3mo;keren banget jujur bangga sebangga nya you did it boys enhypencoachella coachella enhypen enchella
@abcdenhaipen MEREKA EMANG DESERVE DI PUJI UGAL2AN #ENCHELLA #ENHYPEN #ENCHELLA2025 @ENHYPEN_members @ENHYPEN;emang deserve puji ugalan enchella enhypen
@chaaasim Waa happy birthday kakkk semoga panjang umur sehat selaluuuu Semoga enhypen setelah Coachella ini bisa tambah bersinar banyakk mendapat penghargaan. Semoga anak anak selalu sehatt dan selalu dikelilingi orang-orang baik #ENCHELLA2025 #COACHELLA2025 #ENHYPEN https://t.co/1SrwjLBEqj;waa happy birthday kakkk semoga umur sehat selaluuuu enhypen coachella bersinar banyakk penghargaan anak sehatt dikelilingi orangorang enchella
JAKECHELLA #ENHYPEN #ENCHELLA2025 #ENCHELLA https://t.co/1lg3lvlsTR;jakechella enhypen enchella
@welltstars mereka keren bangett #ENCHELLA #ENCHELLA2025 #COACHELLA2025 #ENHYPEN;keren bangett enchella coachella enhypen
"aku tau vokal mereka baguss tapi ga expect bisa se stabil &amp; sebagoosss ini #ENCHELLA2025";tau vokal baguss ga expect stabil amp sebagoosss enchella
MELELEHHH #ENCHELLA #ENCHELLA2025;melelehhh enchella
Tadi masih di gym skrg dirumah nonton #ENCHELLA2025 sama bapake lah https://t.co/axym1uTiCc;gym skrg dirumah nonton enchella bapake
@jsyrwmin 1. sunghoon 2. sunghoon 3. HEESEUNG #ENCHELLA2025 #COACHELLA2025 #ENHYPEN;sunghoon heeseung enchella coachella enhypen
ga tau lagii mau nangis ajaa #ENCHELLA #ENCHELLA2025 #ENHYPEN #COACHELLA2025;ga tau lagii nangis ajaa enchella enhypen coachella
JAYWON SELALU DIDEPANN #JAY #ENHYPEN #JUNGWON #ENCHELLA2025 #ENCHELLA https://t.co/TZRbWee0dp;jaywon didepann jay enhypen jungwon enchella
GILSSSS INI FOTO TERBAIK GETTY IMAGES SIH APPROVED BY DERPBLUEMOON #HEESEUNG #JUNGWON #ENCHELLA #ENCHELLA2025 https://t.co/A37sM8gWFM;gilssss foto terbaik getty images sih approved by derpbluemoon heeseung jungwon enchella
Berdua di pantai #COACHELLA2025 #LaCasaDeLosFamososCol #amici24 #ÿßŸÑŸÜÿµÿ±_ÿßŸÑÿ±Ÿäÿßÿ∂ #ENCHELLA2025 https://t.co/o2LsZcGUnR;berdua pantai coachella lacasadelosfamososcol amici enchella
Lucu bangen jaywon kitaaa #ENCHELLA2025 https://t.co/aEUoaUgijl;lucu bangen jaywon kitaaa enchella
pesona dilan bgt #JAKE #ENCHELLA2025 #ENHYPEN https://t.co/NjLEtRwJfE;pesona dilan bgt jake enchella enhypen
aslinya buat nambahin duit jajan ajasi dengan spek motor yg kyk gini wkwkwk #Aprilia #apriliaracing #apriliamotor #memeaprilia #mememotor #memeindonesia #ngakak #dagelan #lucuabis #kocak #COACHELLA2025 #COACHELLA2025 #ENCHELLA2025 #amici24 #Coachella @ApriliaOfficial https://t.co/WOnary4DeZ;aslinya nambahin duit jajan ajasi spek motor yg kyk gini wkwkwk aprilia apriliaracing apriliamotor memeaprilia mememotor memeindonesia ngakak dagelan lucuabis kocak coachella enchella amici
@freenameee thank you for the GA kak! semoga Enhypen semakin lebih terkenal lagi semoga comeback nanti bisa borong banyak piala untuk di bawa pulang #ENCHELLA2025 #ENCHELLA #COACHELLA2025 #ENHYPEN;thank you for the ga kak semoga enhypen terkenal comeback borong piala bawa pulang enchella coachella
@abcdenhaipen iyaa aku aja kagett mereka beberapa kali nurunin mic dan suaranya gaadaaa eii. tapi backtrack nya tu adaa cuma pelannnnnnnnnn banget :33 menyalaa my seven- #ENCHELLA #ENCHELLA2025 #ENHYPEN #COACHELLA2025;iyaa aja kagett kali nurunin mic suaranya gaadaaa eii backtrack nya tu adaa pelannnnnnnnnn banget menyalaa my seven enchella enhypen coachella
Blockbuster Sunghoon Owwwhh Myyy Goddddd #SUNGHOON #ENCHELLA2025 #ENHYPEN;blockbuster sunghoon owwwhh myyy goddddd enchella enhypen
sujud ege penguasa bumi ini #COACHELLA2025 #ENCHELLA2025 #ENHYPENinCoachella #ENHYPEN #ENCHELLA2025 https://t.co/wR4XlmNFxy;sujud ege penguasa bumi coachella enchella enhypenincoachella enhypen
Kelock dong Maaf terlalu excited #ENCHELLA2025 #COACHELLA2025 #ENHYPEN;kelock maaf excited enchella coachella enhypen
ini lah reaksi gue trhdp #ENCHELLA2025 #ENCHELLA https://t.co/P693xfCBAF;reaksi gue trhdp enchella
@cricbuzz @tiwarymanoj @rohangava9 @manishbatavia Congratulations Rajat bro #amici24 #ENCHELLA2025;congratulations rajat bro amici enchella
Terharu ternyata enhypen udah sebesar ini Ô∏èÔ∏è #ENCHELLA2025 #ENCHELLA #COACHELLA2025 https://t.co/GJSlUy9TRS;terharu enhypen udah enchella coachella
tolong siapapun doain aku mingdep libur kerja biar biasa puas nontonin #ENCHELLA2025 ;tolong doain mingdep libur kerja biar puas nontonin enchella
pengen muter balik waktu HARUSSNYA AKU BISA NONTON #ENCHELLA2025 ;pengen muter harussnya nonton enchella
@freenameee izin ikutannn kakk wml #ENCHELLA2025 #ENCHELLA #COACHELLA2025 #ENHYPEN;izin ikutannn kakk wml enchella coachella enhypen
@freenameee Semoga kedepan nya jalan enha semakin lancar dijauhkan orang jahat dan SEMOGA CB NANTI SUKSES wml #ENCHELLA2025 #ENCHELLA #COACHELLA2025 #ENHYPEN;semoga kedepan nya jalan enha lancar dijauhkan orang jahat cb sukses wml enchella coachella enhypen
Lisa : lagu hoobae ku satu ini juga goyang dikit ahÔ∏è #LISA #ENHYPEN #ENCHELLA2025 https://t.co/G6e1trk3fF;lisa lagu hoobae ku goyang dikit ah enhypen enchella
GIVE AWAY DADAKAN !! pemenang nya dapet : 1 doll enha (random pokonya aku juga lagi milih siapa yang mau di lepas ) end jam 20.00 (langsung spin pemenang) JANGAN LUPA HESTEG #ENCHELLA2025 #ENCHELLA #COACHELLA2025 #ENHYPEN https://t.co/BQ5wOvIz1s;give away dadakan pemenang nya dapet doll enha random pokonya milih lepas end jam langsung spin lupa hesteg enchella coachella enhypen
siapapun mutualan sama aku PLEASE yang ngga keberatan dengan akun aku yang multifandom kita hype #ENCHELLA2025 WEEK-2 bareng-bareng yuuuk;mutualan please ngga keberatan akun multifandom hype enchella week barengbareng yuuuk
@enhapolls RIKIII #ENCHELLA2025 #ENHYPEN #COACHELLA2025 #ENCHELLA;rikiii enchella enhypen coachella
ini maksudnya melet2 tu buat apa yah biar aku terpelet gt kh #ENCHELLA2025 https://t.co/qHR6fVTMIh;maksudnya melet tu yah biar terpelet gt kh enchella
ya Allah bertekuk lutut aku mas... #ENCHELLA2025 https://t.co/QNYd8215Vq;ya allah bertekuk lutut mas enchella
klo dilepas bisa gila sendiri SEMUA MEMBER ALLAHUAKBAR LAAILAAHAILLALLAH LAA HAWLA WA LAA QUWWATA ILLAA BILLAH TAKBIIIRRRR STRESS BANGET ENHYPEN #ENCHELLA2025 https://t.co/ulw7PP0hd8;klo dilepas gila member allahuakbar laailaahaillallah laa hawla wa quwwata illaa billah takbiiirrrr stress banget enhypen enchella
@urmyjongstar MAUU KAA @nyxnoxius #COACHELLA2025 #Coachella #ENHYPEN #ENCHELLA2025;mauu kaa coachella enhypen enchella
Begini rasanya kalo idol gw have a stage in Coachella bangga seneng terharu padahal gw tau mereka bahkan ga tau gw ada didunia ini definisi bukan siapa2 hashtag #ENCHELLA2025 #ENHYPEN #COACHELLA2025;kalo idol gw have a stage in coachella bangga seneng terharu tau ga didunia definisi hashtag enchella enhypen
Siapa yang merinding denger moonstruck live vocal? #COACHELLA2025 #ENCHELLA2025;merinding denger moonstruck live vocal coachella enchella
Yang pake jaket dilan itu backdancer ya guys bukan member enhypennya membernya yang lain yang rambutnya merah apa yang bocil kutang prada aja jangan yang jaket dilan #ENCHELLA2025 (JK PLIS WELCOME TO ENGENE WORLD );pake jaket dilan backdancer ya guys member enhypennya membernya rambutnya merah bocil kutang prada aja enchella jk plis welcome to engene world
ini merekam sambil tutup mulut takut menggelegar klo kelepasan teriak #ENCHELLA2025 https://t.co/yHD9S4k6Wk;merekam tutup mulut takut menggelegar klo kelepasan teriak enchella
dan yap ini dia oknum yang bikin gonjang ganjing warga #ENCHELLA2025 https://t.co/6Z0g3CqkeI;yap oknum bikin gonjang ganjing warga enchella
ini kalo ketawa pragos ngambek ga ya???tapi lucuuuu mianhae oppa#ENCHELLA2025 #ENHYPEN #ENHYPENinCoachella_D1 #ENHYPEN #COACHELLA2025 https://t.co/jrvBhZNQC5;kalo ketawa pragos ngambek ga yatapi lucuuuu mianhae oppaenchella enhypen enhypenincoachellad coachella
Menyala Enhypen #ENHYPEN #ENCHELLA2025 https://t.co/IsYIe0aFqu;menyala enhypen enchella
ihhahjskwjeh nishimura riki pranowo #COACHELLA2025 #ENCHELLA2025 https://t.co/R0i1QPLRCL;ihhahjskwjeh nishimura riki pranowo coachella enchella
#enask sorry oot mengingat #ENCHELLA2025 hari ini aku masih merasa bangga kalau misal GA in doll ada yang mauu gaaaaaaa;enask sorry oot enchella bangga ga in doll mauu gaaaaaaa
Bener penguasa bumi #HEESEUNG #Ìù¨Ïäπ #Ïù¥Ìù¨Ïäπ #ENHYPEN #ÏóîÌïòÏù¥Ìîà #„Éí„Çπ„É≥ #„Ç®„É≥„Éè„Ç§„Éó„É≥ #ENCHELLA #ENCHELLA2025 #COACHELLA2025 https://t.co/rU48wJu20Z;bener penguasa bumi heeseung enhypen enchella coachella
tau gak sih aku tuh tadi mantengin #ENCHELLA2025 pas masih di jalan dan itu jam setengah 12 panas bngttt tapi gapapa soalnya mereka menyala bngttt https://t.co/C58mItxLoB;tau gak sih tuh mantengin enchella pas jalan jam panas bngttt gapapa menyala
"Pas di panggung coachella : Pass turun panggung coachella : Pas di stage ganteng banget nunu buseettt skrg kembali ke setelan awal cutie smoll &amp; imut #SUNOO_SpiceUp_Coachella #SUNOO #ENCHELLA2025 #COACHELLA2025 https://t.co/Pps5LMbqtZ";pas panggung coachella pass turun stage ganteng banget nunu buseettt skrg setelan cutie smoll amp imut sunoospiceupcoachella sunoo enchella
was supporting my boys in my kondangan fits (multi-task) (walopun ga bs denger suaranya) (enhypen keren BANGET) #ENCHELLA2025 https://t.co/lB6NeDOnru;was supporting my boys in kondangan fits multitask walopun ga bs denger suaranya enhypen keren banget enchella
BARUU MAU BILANGG BEGINII DARITADIII #ENHYPEN #ENCHELLA #ENCHELLA2025 #COACHELLA2025;baruu bilangg beginii daritadiii enhypen enchella coachella
@abcdenhaipen BANGGAN BGT SAMA MEREKAA PLSSSSS #ENHYPEN #ENCHELLA2025 #COACHELLA2025;banggan bgt merekaa plsssss enhypen enchella coachella
Lagi ada promo diskon McDonald's duren sawit jakarta timur buruan pesan sekarang Link toko https://t.co/rzAsSPNRSC #LISACHELLA #ENCHELLA2025 #ShopeeFood https://t.co/GcBxqIl0np;promo diskon mcdonalds duren sawit jakarta timur buruan pesan link toko lisachella enchella shopeefood
aduh keren bgt lagi VAMPIRES IN THE DESERT #ENCHELLA #ENCHELLA2025 #ENHYPEN #COACHELLA2025;aduh keren bgt vampires in the desert enchella enhypen coachella
Setelah sekian lama akhirnya Live OT7 #ÏóîÌïòÏù¥Ìîà #ENHYPEN #JUNGWON #HEESEUNG #JAY #JAKE #SUNGHOON #SUNOO #NI_KI #ENCHELLA2025 #COACHELLA2025 https://t.co/1XxbheSxV7;sekian live ot enhypen jungwon heeseung jay jake sunghoon sunoo niki enchella coachella
PENAMPILAN KALIAN HARI INI PECAH BANGETT KERENNN. ENGENE'S PROUD OF ENHYPEN WE LOVE U AND ALWAYS SUPPORTÔ∏è‚Äç #ENCHELLA2025 At #COACHELLA2025 https://t.co/2FEPd4ybr9;penampilan pecah bangett kerennn engenes proud of enhypen we love u and always support enchella at coachella
PALONG PALO ANG BABY NA YAN #ENHYPEN #ENCHELLA2025 #HEESEUNG https://t.co/r2J0t308lx;palong palo ang baby na yan enhypen enchella heeseung
enhypen udah tampil belum? #ENCHELLA2025;enhypen udah tampil enchella
terimakasih sudah mampir live yaÔ∏è u did so well today my sevenÔ∏è selamat beristirahatÔ∏è #ENHYPEN #ENCHELLA2025 #COACHELLA2025 @ENHYPEN_members https://t.co/QQVi7qekie;terimakasih mampir live ya u did so well today my seven selamat beristirahat enhypen enchella coachella
Gue nyaris nangis tuh krn pas lagu apa y gue lupa itu fanchantnya kedengeran keras bgt di livestreamnya. Kayak kayak kayak duh gila di kepala gue brisik bgt krn saking bangganya huhu #ENCHELLA2025;gue nangis tuh krn pas lagu y lupa fanchantnya kedengeran keras bgt livestreamnya kayak duh gila kepala brisik saking bangganya huhu enchella
UWON KAMU HARI INI PETCAHHHHHH BANGETTTT GACORRRRR AKU PEN JEDOTIN PALA KEDINDING AJA RASANYAÔ∏è‚Äç #JUNGWON #ENCHELLA2025 https://t.co/N7RIkZfdME;uwon petcahhhhhh bangetttt gacorrrrr pen jedotin pala kedinding aja jungwon enchella
BANGGA BANGETT Iloveyou enhypenn #ENCHELLA2025 #COACHELLA2025 #ENHYPEN @ENHYPEN #ENHYPENinCoachella_D1 https://t.co/Io84RdxPya;bangga bangett iloveyou enhypenn enchella coachella enhypen enhypenincoachellad
Kangen banget #ENCHELLA #ENCHELLA2025 #ENHYPEN #ENHYPENinCoachella_D1 https://t.co/U3vE7u7e5j;kangen banget enchella enhypen enhypenincoachellad
Bangga bgt punya enhypen Mereka bener bener nunjukin kalo mereka berkembang mulai dari dpt nominasi daesang trs skrng bisa tampil di coachella bener bener bangga bgtÔ∏è‚Äçkalian deserve dpt ini bahkan lebih dari ini!! I LOVE U GUYS!Ô∏è‚Äç #COACHELLA2025 #ENHYPEN #ENCHELLA2025 https://t.co/A1n48K28Pn;bangga bgt enhypen bener nunjukin kalo berkembang dpt nominasi daesang trs skrng tampil coachella bgtkalian deserve i love u guys enchella
ADEKKKK KAMU KERENNN BANGET BENERAN KEREN BANGET Ô∏è‚Äç #NI_KI #ENCHELLA2025 https://t.co/o6wANDsj6B;adekkkk kerennn banget beneran keren niki enchella
#ENCHELLA2025 #COACHELLA2025 #ENHYPEN KERENNNNN BANGETTTT https://t.co/Ls2TcWDsOy;enchella coachella enhypen kerennnnn bangetttt
Yg inih yayah papi #Heejake #ÏóîÌïòÏù¥Ìîà #ENHYPEN #HEESEUNG #JAKE #COACHELLA2025 #ENCHELLA2025 https://t.co/A6BoRbZk8n;yg inih yayah papi heejake enhypen heeseung jake coachella enchella
cintaku sumpah seneng banget pas nunu di sorot kamera tuh pada teriakk kencengggg nunu juga hari ini keren bangett Ô∏è‚Äç #SUNOO_SpiceUp_Coachella #ENCHELLA2025 https://t.co/pJBLB9cw0O;cintaku sumpah seneng banget pas nunu sorot kamera tuh teriakk kencengggg keren bangett sunoospiceupcoachella enchella
only one boygroup KPop di yang perform di Coachella 2025 ini bangga banget #COACHELLA2025 #ENCHELLA2025 #ENCHELLA https://t.co/7c6A10twRR;only one boygroup kpop perform coachella bangga banget enchella
PESULAP MERAH AKU PADAMU #ENCHELLA2025 #ENHYPEN #COACHELLA2025;pesulap merah padamu enchella enhypen coachella
MANA BENERAN KETEKAN LAGI SI ANJIR WON MAKASIH WON MAKASIH YA ALLAH ADA GILA GILANYA ENCHELLA HARI NI #COACHELLA2025 #ENCHELLA2025 #enhypencoachella #JUNGWON https://t.co/vDHiVdBRdV;beneran ketekan si anjir won makasih ya allah gila gilanya enchella ni coachella enhypencoachella jungwon
"Makasih Bangtan krn sudah membuat ku menonton I-land &amp; end up stanning ENHYPEN. The best decision I've ever made during corona era wkwk #ENHYPEN #ENCHELLA2025";makasih bangtan krn ku menonton iland amp end up stanning enhypen the best decision ive ever made during corona era wkwk enchella
@abcdenhaipen they deserve this.. aku bangga banget bahkan kata bangga aja ga cukup buat mereka #ENCHELLA2025 #ENHYPEN #ENCHELLA;they deserve this bangga banget aja ga enchella enhypen
Kalo heeseung sih udah biasa ini jungwon. Jungwwooonnn Omaigaatttt #ENCHELLA2025 Ô∏è‚ÄçÔ∏è‚ÄçÔ∏è‚Äç;kalo heeseung sih udah jungwon jungwwooonnn omaigaatttt enchella
bangga bangettt tl penuh hal-hal positif dari enha tampil sampai skrg belum nemu komen neg atif ttg #ENCHELLA2025 VAMPIRES IN THE DESERT #ENCHELLA #ENHYPEN #COACHELLA2025 @ENHYPEN @ENHYPEN_members https://t.co/xudpSmpOdw;bangga bangettt tl penuh halhal positif enha tampil skrg nemu komen neg atif ttg enchella vampires in the desert enhypen coachella
@divengenes Nggak bisa enhypen keren banget tadi di coachelle #ENCHELLA2025 #ENCHELLA #ENHYPEN #COACHELLA2025;nggak enhypen keren banget coachelle enchella coachella
@ihoonski yuuurpp #ENCHELLA2025 #ENCHELLA #ENHYPEN;yuuurpp enchella enhypen
HUHUHU baru beres nonton enchella walopun nggak live gak nyangka mereka jadi sebesar ini sekarang.... Dulu masih cimit masih dedek bau telon sekarang sudah bau duit bau sukses I am beyond proud of you boys @ENHYPEN_members you guys did soooo welllll #ENCHELLA2025;huhuhu beres nonton enchella walopun nggak live gak nyangka cimit dedek bau telon duit sukses i am beyond proud of you boys guys did soooo welllll
Lucu banget Heeseung #ENCHELLA #ENCHELLA2025 #ENHYPEN;lucu banget heeseung enchella enhypen
enha melet aku kepelet #ENHYPEN #ENCHELLA #ENCHELLA2025 https://t.co/VcKi7jJHf0;enha melet kepelet enhypen enchella
