full_text,clean_text
ENHYPEN COMEBACK DESIRE: UNLEASH JUNE 5 2025 MARK YOUR CALENDARS️‍‼️ #ENHYPEN #DESIRE_UNLEASH #ENHYPENCOMEBACK #ENCHELLA2025 @ENHYPEN @ENHYPEN_members https://t.co/iOLg5KnW2u,enhypen comeback desire unleash june mark calendars desireunleash enhypencomeback enchella
250419 Jungwon #coachella #enchella #enchella2025 #coachella2025 #ENHYPEN_JUNGWON #jungwon #정원 https://t.co/LiHAEuUDiL,jungwon coachella enchella enhypenjungwon
I'm crying mama #ENHYPEN #ENCHELLA #ENCHELLA2025 @ENHYPEN_members https://t.co/co1daiyYhB,im crying mama enhypen enchella
WE LOVE TO SEE IT #ENCHELLA2025 #ENHYPEN,love see enchella enhypen
Mx @HalloEnHi2 generously sponsoreed 10 slots for TTC Winners will be drawn tomorrow~ like and retweet this post AND reply with these hashtags below: #SUNGHOON #SUNOO #ENCHELLA2025 #Coachella2025 #ENHYPEN @ENHYPEN,mx generously sponsoreed slots ttc winners drawn tomorrow like retweet post reply hashtags sunghoon sunoo enchella coachella enhypen
not enhypen sitting in the top 5. OH YESS KINGSS #ENCHELLA #ENCHELLA2025 #ENHYPEN,enhypen sitting top oh yess kingss enchella
The hottest guys at Coachella!! Yeahh right them!! #ENHYPEN #ENCHELLA2025 #COACHELLA @ENHYPEN_members @ENHYPEN,hottest guys coachella yeahh right enhypen enchella
ungatekeeping my jungwon winking fancam from coachella who wants more??? #ENCHELLA2025 https://t.co/mvIHo2tjJm,ungatekeeping jungwon winking fancam coachella wants enchella
ENHYPEN Brings Unrivaled Energy and Talent to Coachella Weekend 2 #ENHYPEN #ENCHELLLA #ENCHELLA2025 #BELIFTLAB #COACHELLAWEEKEND2 https://t.co/PVos6mTNph https://t.co/eoMxhJ3Cbi,enhypen brings unrivaled energy talent coachella weekend enchellla enchella beliftlab coachellaweekend
@enhypenweverse @enhypenupdates @ENHYPEN_members @ENHYPEN I really need Engenes to ask for a graduation song from ENHYPEN. I'm getting my college diploma next year. #ENCHELLA2025 #ENHYPEN,really need engenes ask graduation song enhypen im getting college diploma next year enchella
@billboard @fg_cart Enhypen swept Coachella both weekends. Let's go kings of K-pop. #ENCHELLA2025 #ENCHELLA #ENHYPEN,enhypen swept coachella weekends lets go kings kpop enchella
Thank you Ni-Ki His birthday is so precious to everyone #제이 #JAY #ジェイ #ENHYPEN_JAY #박종성 #종성 #엔하이픈 #ENHYPEN #ENCHELLA2025 #ENCHELLA https://t.co/utT2JNwsnf,thank niki birthday precious everyone jay enhypenjay enhypen enchella
designing my own #ENCHELLA2025 merch bc im not from the us and wdym 40usd shipping for a tote and a tshirt ,designing enchella merch bc im us wdym usd shipping tote tshirt
What a beautiful pics Thank you Heeseung JAY looks so cool &amp; gorgeous #제이 #JAY #ジェイ #ENHYPEN_JAY #박종성 #종성 #엔하이픈 #ENHYPEN #ENCHELLA2025 #ENCHELLA https://t.co/Wt21UgMjXD,beautiful pics thank heeseung jay looks cool amp gorgeous enhypenjay enhypen enchella
@amantedeJay Moonstruck #ENHYPEN #ENCHELLA2025 #Coachella2025 #Coach,moonstruck enhypen enchella coachella coach
250420 COACHELLA WEEK2 Sweet Venom - 직캠 FANCAM 4K FOCUS https://t.co/ttKwtrWaKs #Coachella2025 #enhypencoachella #ENCHELLA #ENCHELLA2025 #JAY #제이 #ジェイ #ENHYPEN_JAY #엔하이픈_제이 #ENHYPEN #엔하이픈 #エンハイプン https://t.co/Ui420V8KRn,coachella week sweet venom fancam k focus enhypencoachella enchella jay enhypenjay enhypen
@amantedeJay Sacrifice (Eat Me Up). #ENHYPEN #ENCHELLA2025 #COAC,sacrifice eat enhypen enchella coac
@amantedeJay Still Monster #ENHYPEN #ENCHELLA2025 #Coa,still monster enhypen enchella coa
Guys!!!! I finished my fanart of Jungwon!!! Again congratulations to enhypen for the best coachella of my life! #ENCHELLA #ENCHELLA2025 #ENHYPEN #Coachella2025 #ENHYPEN_JUNGWON #FANART #ENHYPEN_FANART https://t.co/4GoYWR0sYB,guys finished fanart jungwon congratulations enhypen best coachella life enchella enhypenjungwon enhypenfanart
The reason why I m crying right now My SEVEN #ENHYPEN #ENCHELLA2025 #ENCHELLA https://t.co/KuqyIb92nW,reason crying right seven enhypen enchella
Non fans were promoting better than his company and his fandom #SUNOO #ENHYPEN #ENCHELLA2025,non fans promoting better company fandom sunoo enhypen enchella
@wonspacy jake my bf forever #ENHYPEN #Coachella2025 #ENHYPEN #ENCHELLA #ENCHELLA2025,jake bf forever enhypen coachella enchella
@snwnrkive SO PROUD OF YOU mysevEN! Like supercaliapocalypsewithoutdozer. #Coachella2025 #ENCHELLA2025,proud myseven like supercaliapocalypsewithoutdozer coachella enchella
@farrsheeeee SO SO PROUD OF THEM #ENCHELLA2025 #Coachella2025 #ENHYPEN https://t.co/JzrqG1pZZI,proud enchella coachella enhypen
Whatever happened I ll always be an ENGENE #ENHYPEN #ENCHELLA2025 #ENCHELLA https://t.co/IeGvKg81IS,whatever happened always engene enhypen enchella
[FANTAKEN | 250420] Fotos del RED HAIR GUY en #Coachella Week 2 ️‍ (1/5) Cr. OWNER 【】 #희승 #NoDoubt #ENCHELLA2025 #XO #Daydream #OnlyIfYouSayYes @ENHYPEN_members @ENHYPEN https://t.co/kNUkUM4C63,fantaken fotos del red hair guy en coachella week cr owner nodoubt enchella xo daydream onlyifyousayyes
benedict cua praising sunoo's visual in coachella #ENCHELLA #ENCHELLA2025 #ENHYPEN https://t.co/sbXHrCmf3l,benedict cua praising sunoos visual coachella enchella enhypen
Now this what a performance should look like #ENCHELLA #ENCHELLA2025 #ENHYPEN #Coachella2025,performance look like enchella enhypen coachella
@intersectionhs #HEESEUNG so handsome ..He killed with Red Hair OMG #Coachella2025 #ENCHELLA2025 #HEESEUNG,heeseung handsome killed red hair omg coachella enchella
#HEESEUNG so handsome ..He killed with Red Hair OMG #Coachella2025 #ENCHELLA2025 #HEESEUNG,heeseung handsome killed red hair omg coachella enchella
ARE THEY IN THEIR OBSESSION ERA?? #ENHYPEN #ENCHELLA2025 #desireunleash #comeback https://t.co/wbh8d5C5Vj,obsession era enhypen enchella desireunleash comeback
ENHYPEN - Loose [Jimmy Kimmel Live Performance] #ENHYPEN #ENCHELLA2025 #ENCHELLA https://t.co/ZIG4g4aPiM,enhypen loose jimmy kimmel live performance enchella
this will be an iconic moment forever let's make memories together #ENHYPEN #ENHYPEN_JAKE #ENCHELLA #ENCHELLA2025 #ENHYPEN_JUNGWON @enhy https://t.co/gj7FvZaZPZ,iconic moment forever lets make memories together enhypen enhypenjake enchella enhypenjungwon
Enhypen wore Christian Louboutin shoes in coachella week 2 yesterday $2 395.00 #ENCHELLA2025 https://t.co/t8JmlzRShr,enhypen wore christian louboutin shoes coachella week yesterday enchella
250419 Brought The Heat Back + Album Reveal #NI_KI #니키 #ニキ #西村力 #ENHYPEN #엔하이픈 #Coachella2025 #ENCHELLA2025 #ENCHELLA https://t.co/3JtEO0EGFR,brought heat back album reveal niki enhypen coachella enchella
THESE PICS OF SUNOO OMFG #ENHYPEN #ENCHELLA2025 #COACHELLA2025 https://t.co/liD1mtLFNP,pics sunoo omfg enhypen enchella coachella
MY YUNKI!!??? CHILL PLS PLS PLS PLS #ENHYPEN #ENCHELLA #ENCHELLA2025 #Coachella2025 https://t.co/E7LgpxioSe,yunki chill pls enhypen enchella coachella
THIS EDIT #JAKE #KEUCHELLA #ENCHELLA2025 https://t.co/e0D2U5JOdd,edit jake keuchella enchella
250419 Drunk-Dazed #NI_KI #니키 #ニキ #西村力 #ENHYPEN #엔하이픈 #Coachella2025 #ENCHELLA2025 #ENCHELLA https://t.co/WXg39NUdLA,drunkdazed niki enhypen coachella enchella
250419 Bite Me #NI_KI #니키 #ニキ #西村力 #ENHYPEN #엔하이픈 #Coachella2025 #ENCHELLA2025 #ENCHELLA https://t.co/haV5RRNv6w,bite niki enhypen coachella enchella
250419 Moonstruck #NI_KI #니키 #ニキ #西村力 #ENHYPEN #엔하이픈 #Coachella2025 #ENCHELLA2025 #ENCHELLA https://t.co/SLyCocRBZc,moonstruck niki enhypen coachella enchella
250419 Daydream #NI_KI #니키 #ニキ #西村力 #ENHYPEN #엔하이픈 #Coachella2025 #ENCHELLA2025 #ENCHELLA https://t.co/05HtHnbMIp,daydream niki enhypen coachella enchella
250419 No Doubt #NI_KI #니키 #ニキ #西村力 #ENHYPEN #엔하이픈 #Coachella2025 #ENCHELLA2025 #ENCHELLA https://t.co/Yj9mfxx6Wa,doubt niki enhypen coachella enchella
250419 XO (Only If You Say Yes) #NI_KI #니키 #ニキ #西村力 #ENHYPEN #엔하이픈 #Coachella2025 #ENCHELLA2025 #ENCHELLA https://t.co/W8BoAC4kU5,xo say yes niki enhypen coachella enchella
250419 Coachella week2 #ENHYPEN #엔하이픈 #JUNGWON #양정원 #정원 #ジョンウォン #Coachella2025 #ENCHELLA #ENCHELLA2025 https://t.co/i4sIRKRe4M,coachella week enhypen jungwon enchella
250419 Coachella week2 #ENHYPEN #엔하이픈 #JUNGWON #양정원 #정원 #ジョンウォン #Coachella2025 #ENCHELLA #ENCHELLA2025 https://t.co/J9sRC0q2F3,coachella week enhypen jungwon enchella
Jake #ENCHELLA2025 so iconic https://t.co/OwnY00oFNH,jake enchella iconic
I am so sat for enhas next comeback #ENCHELLA #ENHYPEN #ENCHELLA2025 #Coachella2025 https://t.co/yW1q1hzLEb,sat enhas next comeback enchella enhypen coachella
250419 Coachella week2 #ENHYPEN #엔하이픈 #JUNGWON #양정원 #정원 #ジョンウォン #Coachella2025 #ENCHELLA #ENCHELLA2025 https://t.co/TsvZEDHiM7,coachella week enhypen jungwon enchella
250419 Coachella week2 #ENHYPEN #엔하이픈 #JUNGWON #양정원 #정원 #ジョンウォン #Coachella2025 #ENCHELLA #ENCHELLA2025 https://t.co/sP3rP56MjV,coachella week enhypen jungwon enchella
@nikittenss_ @EnhypeCups CROSSING THE BORDER TO COACHELLA #ENCHELLA2025 #COACHELLA #ENHYPEN https://t.co/eLAV3XC2qh,crossing border coachella enchella enhypen
@.youtube reel with ENHYPEN Like share and comment engenes! been waiting all week to see @.enhypen perform again :https://t.co/mC4afu2zMS #ENHYPEN #Coachella2025 #ENCHELLA #ENCHELLA2025 #엔하이픈 https://t.co/VWMp0aEUsV,youtube reel enhypen like share comment engenes waiting week see perform coachella enchella
I BEGGING U TO PUT JAKE IN SLEEVELESS SHIRT FOR EVERY DAMN PERFORMANCE FROM NOW!! #JAKE #ENCHELLA2025 https://t.co/MU9LHsp28e,begging u put jake sleeveless shirt every damn performance enchella
Ohgeesy: shout out to Enhypen fans ️ Fenix flexin: OPEN THE MOSHPITTTTT #ENCHELLA #ENCHELLA2025 #ENHYPEN @OHGEESY @ENHYPEN,ohgeesy shout enhypen fans fenix flexin open moshpittttt enchella
Ace of aces... #heeseung #희승 #enchella #enchella2025,ace aces heeseung enchella
250419 Coachella week2 #JUNGWON #양정원 #정원 #ジョンウォン #엔하이픈 #ENHYPEN #coachella2025 #ENCHELLA2025 https://t.co/LAez7oQDDA,coachella week jungwon enhypen enchella
250419 Coachella week2 #JUNGWON #양정원 #정원 #ジョンウォン #엔하이픈 #ENHYPEN #coachella2025 #ENCHELLA2025 https://t.co/XYI6GXpY7M,coachella week jungwon enhypen enchella
Pakistan and China boosting regional trade and logistics operations. #nnutdan #bb25 #englot #ENCHELLA2025 #RENATACAMPEA #ifkgbg,pakistan china boosting regional trade logistics operations nnutdan bb englot enchella renatacampea ifkgbg
@WORLDMUSICAWARD ENHYPEN absolutely slayed Coachella with their fiery performance and stunning visuals! #ENCHELLA #ENCHELLA2025 #ENHYPEN #Coachella2025 #COACHLLA,enhypen absolutely slayed coachella fiery performance stunning visuals enchella coachlla
@sunoowshine FOUR MILLION FOR SUNOO #4MoreMomentsWithSunoo #엔하이픈_선우 #SUNOO #ENCHELLA2025 https://t.co/XFwX4eQcxX,four million sunoo moremomentswithsunoo enchella
@blckpnksn FOUR MILLION FOR SUNOO #4MoreMomentsWithSunoo #엔하이픈_선우 #SUNOO #ENCHELLA2025 https://t.co/XFwX4eQcxX,four million sunoo moremomentswithsunoo enchella
250419 Coachella week2 #JUNGWON #양정원 #정원 #ジョンウォン #엔하이픈 #ENHYPEN #coachella2025 #ENCHELLA2025 https://t.co/WFCyK2cSIp,coachella week jungwon enhypen enchella
@streamforsunoo FOUR MILLION FOR SUNOO #4MoreMomentsWithSunoo #엔하이픈_선우 #SUNOO #ENCHELLA2025 https://t.co/XFwX4eQcxX,four million sunoo moremomentswithsunoo enchella
SUNOO earns the title STAGE GENIUS Can you guess why !! He deseves it for real #ENHYPEN #ENHYPEN_SUNOO #SUNOO #ENCHELLA #ENCHELLA2025 https://t.co/w8sSZkCpZe,sunoo earns title stage genius guess deseves real enhypen enhypensunoo enchella
EXCUSE ME sir .. I LIKE YOU Every pic of JAY in Coachella day 2 makes me realize how perfect he is I can t stop looking at his pics #제이 #JAY #ジェイ #ENHYPEN_JAY #박종성 #종성 #엔하이픈 #ENHYPEN #ENCHELLA2025 #ENCHELLA https://t.co/FyKmHG8rz6,excuse sir like every pic jay coachella day makes realize perfect stop looking pics enhypenjay enhypen enchella
@WONFAlRY My precious Enha family No one should ever dare to question their friendship ENHYPEN VAMPS UP COACHELLA #ENHYPEN #ENCHELLA #ENCHELLA2025 #Coachella2025,precious enha family one ever dare question friendship enhypen vamps coachella enchella
@jaeseungluv @kimsunooz happy jay's day ‍⬛ I love all the photos of him with his guitar thank you for holding a GA to celebrating his birthday BOUND BY FATE WITH JAY #WeavingOurFateswithJAY #낭만깜고_락스타_종성데이 #HappyBirthJAY #ENHYPEN_JAY @ENHYPEN_members #ENCHELLA #ENCHELLA2025 https://t.co/be7gbTiqWN,happy jays day love photos guitar thank holding ga celebrating birthday bound fate jay weavingourfateswithjay happybirthjay enhypenjay enchella
My favorite shades of red #ENCHELLA #ENCHELLA2025 https://t.co/7XxgUiamrR,favorite shades red enchella
@ENHYPEN Congratulations #ENHYPEN for the successful amazinggg &amp; spectacular performances on #Coachella2025 ️️ You guys did great &amp; worked so hard.. &amp; I'm always so proud of you..️ Love you @ENHYPEN_members ️️ @ENHYPEN #ENCHELLA2025 https://t.co/E7fvxJ6zH8,congratulations enhypen successful amazinggg amp spectacular performances coachella guys great worked hard im always proud love enchella
Ustedes brillaron #ENHYPEN #Coachella2025 #ENCHELLA2025,ustedes brillaron enhypen coachella enchella
happy birthday #JAY #ENHYPEN_JAY ️️ #ENHYPEN #ENCHELLA2025,happy birthday jay enhypenjay enhypen enchella
oh THEY KNOW THEY ATE DOWN! #ENCHELLA #ENHYPEN #ENCHELLA2025 https://t.co/W8HWss36Dk,oh know ate enchella enhypen
@enhypenupdates ENHYPEN after slaying Coachella #ENCHELLA #ENCHELLA2025 #ENHYPEN https://t.co/kilvYXSiBp,enhypen slaying coachella enchella
250419 Blessed-Cursed #NI_KI #니키 #ニキ #西村力 #ENHYPEN #엔하이픈 #Coachella2025 #ENCHELLA2025 #ENCHELLA https://t.co/NR0FGwKPak,blessedcursed niki enhypen coachella enchella
Who was gonna tell me this existed? #ENCHELLA #ENCHELLA2025 #VAMPIRESINTHEDESERT #CANTTOUCHYOU #BUTIMGONNAMAKEYOUMINE #ENHYPEN #ENHYPENinCoachella #ENHYPENinCoachella_D2 https://t.co/FQvKMwwLtO,gon na tell existed enchella vampiresinthedesert canttouchyou butimgonnamakeyoumine enhypen enhypenincoachella enhypenincoachellad
Your eyes look #제이 #JAY #ジェイ #ENHYPEN_JAY #박종성 #종성 #엔하이픈 #ENHYPEN #ENCHELLA2025 #ENCHELLA https://t.co/ufrTwgoEos,eyes look jay enhypenjay enhypen enchella
crazy ass jay video to bless the tl!! #JAYatCOACHELLA #enchella #Coachella #Coachella2025 #ENHYPEN #ENHYPEN_JAY #ENCHELLA2025 https://t.co/2U8KFNQu0h,crazy ass jay video bless tl jayatcoachella enchella coachella enhypen enhypenjay
250419 Preview [4k]250419 Coachella2025 Week2｜Daydream｜ENHYPEN JAY FANCAM YouTube: https://t.co/ryiIueSFV9 #제이 #ENHYPEN_JAY #ENHYPEN #JAY #ジェイ #박종성 #엔하이픈 #COACHELLA #Coachella2025 #ENCHELLA #ENCHELLA2025 #HAPPY_JAY_DAY #쫑쫑쫑_쫑냥이_생일이다옹 https://t.co/lA6xHYf6fo,preview k coachella weekdaydreamenhypen jay fancam youtube enhypenjay enhypen enchella happyjayday
our rockstar HAPPY BIRTHDAY JAYYYY #Coachella2025 #Coachella #Coachella25 #Coachella2025Enhypen #EN #ENHYPEN_JAY #ENCHELLA2025 #ENCHELLLA #Coachella_ENHYPEN @ENHYPEN_members https://t.co/k48cPoHXGx,rockstar happy birthday jayyyy coachella coachellaenhypen en enhypenjay enchella enchellla
@jaytakisfuego HELL YEAH #ENHYPEN #ENCHELLA2025 #ENCHELLA #Coachella2025,hell yeah enhypen enchella coachella
250419 Preview [4k]250419 Coachella2025 Week2｜XO（Only if you say yes）｜ENHYPEN JAY FANCAM YouTube: https://t.co/BeLIKXvxEX #제이 #ENHYPEN_JAY #ENHYPEN #JAY #ジェイ #박종성 #엔하이픈 #COACHELLA #Coachella2025 #ENCHELLA #ENCHELLA2025 #HAPPY_JAY_DAY https://t.co/GnuKqw4SL2,preview k coachella weekxoonly say yesenhypen jay fancam youtube enhypenjay enhypen enchella happyjayday
my jay &lt;33 #ENCHELLA2025 #ENHYPEN #ENHYPEN_JAY #Coachella2025 https://t.co/tSjqccOZEq,jay lt enchella enhypen enhypenjay coachella
250419 Coachella week2 #ENHYPEN #엔하이픈 #JUNGWON #양정원 #정원 #ジョンウォン #Coachella2025 #ENCHELLA2025 https://t.co/Ihka7pfUrf,coachella week enhypen jungwon enchella
My POV WK1 vs WK2 What's yours? Comment down below #ENCHELLLA #ENCHELLA2025 #ENHYPEN #Coachella #Coachella2025 @ENHYPEN_members https://t.co/1VtG98ZLoT,pov wk vs whats comment enchellla enchella enhypen coachella
just two crazy Jay stans on Jay day!!!! #HappyBirthJAY #JAYatCOACHELLA #ENCHELLA2025 @g1ossjay @ENHYPEN @ENHYPEN_members https://t.co/FFMbFWPCSY,two crazy jay stans day happybirthjay jayatcoachella enchella
You just had to be there #ENHYPEN #ENHYPENinCoachella #Coachella #Coachella2025 #ENCHELLA2025 #ENCHELLLA #DESIRE_UNLEASH https://t.co/MgrxsVGkx0,enhypen enhypenincoachella coachella enchella enchellla desireunleash
Yaaah .. It s your birthday It means a lot to your parents me &amp; ENGENEs I hope you had a great day #낭만깜고_락스타_종성데이 #WeavingOurFateswithJAY #HappyBirthJAY #ENCHELLA #ENCHELLA2025 #JAY #제이 #ジェイ #ENHYPEN_JAY #엔하이픈_제이 #ENHYPEN #엔하이픈 https://t.co/r8DlsatsYq,yaaah birthday means lot parents amp engenes hope great day weavingourfateswithjay happybirthjay enchella jay enhypenjay enhypen
I was literally mesmerized I forgot to record I was vibing with Enha! ️‍ so different seeing on TV vs being there in person! BEYOND PROUD #ENHYPEN #ENCHELLA2025 #COACHELLA2025 https://t.co/jK3Iv2Qm5b,literally mesmerized forgot record vibing enha different seeing tv vs person beyond proud enhypen enchella coachella
I miss my Hoonie already #ENCHELLA2025 #ENCHELLLA https://t.co/c0LwoR7v7m,miss hoonie already enchella enchellla
Yo all the ladies out there...how we r doing !!! just did a quick late night edit #JAKE #ENHYPEN_JAKE #ENCHELLA2025 https://t.co/GMhwn4WT77,yo ladies therehow r quick late night edit jake enhypenjake enchella
Heeseung noticing the dye on his shirt and Jungwon wiping it #ENCHELLA2025 #HEESEUNG #JUNGWON #ENHYPEN https://t.co/a59I07a56P,heeseung noticing dye shirt jungwon wiping enchella enhypen
AAHHHH finally saw it and they really are such excellent performers ;_____; ALSO DARK ENHYPEN MAKING A COMEBACK Y/Y?! #ENHYPEN #ENCHELLA2025 #COACHELLA2025 https://t.co/7pnxYvYaTC,aahhhh finally saw really excellent performers also dark enhypen making comeback yy enchella coachella
@jkesstar DESIRE #ENCHELLA2025 #ENCHELLA #ENHYPEN #COCHELLA2025,desire enchella enhypen cochella
Happy birthJAY!!! #ENHYPEN_JAY #ENHYPEN #ENCHELLA #ENCHELLA2025 https://t.co/pNjLWqHkvP,happy birthjay enhypenjay enhypen enchella
@hoondonia Fate #ENHYPEN #ENCHELLA2025 #COACHELLA2025,fate enhypen enchella coachella
Why did enhypen banished after Coachella? #ENCHELLA2025 #ENHYPEN #Coachella #COACHELLA2025,enhypen banished coachella enchella
Hes sooo #JAKE #COACHELLA2025 #ENCHELLA2025 #ENHYPEN https://t.co/xSLUMOEYo5,hes sooo jake coachella enchella enhypen
19 years old and performing in front of thousands of people like go off ni-ki #ENHYPEN #enchella #enchella2025,years old performing front thousands people like go niki enhypen enchella
TOTALLY AGREEEEE IM SO IMPRESSED!!!! CMON GUYS STAN ENHA ITS TOTALLY WORTH IT #ENCHELLA #ENCHELLA2025 #COACHELLA2025,totally agreeeee im impressed cmon guys stan enha worth enchella coachella
@nikishuraz PLEASE THATS ALL I WANT PLS #ENHYPEN #ENCHELLA2025,please thats want pls enhypen enchella
SO PROUD OF ENHAAA WHT A WONDERFUL PERFORMANCEEEE!!! i hope they get the recognition they deserveee!!! #ENCHELLA2025 #ENCHELLA #COACHELLA2025 https://t.co/etwFFd86hc,proud enhaaa wht wonderful performanceeee hope get recognition deserveee enchella coachella
vocal king #heeseung #희승 #enchella #enchella2025 https://t.co/VikBXTjdVz,vocal king heeseung enchella
I KNEW I FILMED SUNGHOON FLEXING #Coachella2025 #ENHYPEN #ENCHELLA2025 https://t.co/zI18Q43D09,knew filmed sunghoon flexing coachella enhypen enchella
jake is so pretty the undercut ong #enhypen_jake #제이크 #enchella #enchella2025 #enhypen #엔하이픈 https://t.co/okuugn08Op,jake pretty undercut ong enhypenjake enchella enhypen
ENHYPEN - Future Perfect (Pass the MIC) Performance in Coachella 2025 #ENHYPEN #ENCHELLA #ENCHELLA2025 https://t.co/U7bZTENN2I,enhypen future perfect pass mic performance coachella enchella
ENHYPEN - Blessed-Cursed Performance in Coachella 2025 #ENHYPEN #ENCHELLA #ENCHELLA2025 https://t.co/Knjp0JNprr,enhypen blessedcursed performance coachella enchella
enhypen having me go places I would never on the norm #ENCHELLA2025 https://t.co/5QXoG3oIvM,enhypen go places would never norm enchella
DESIRE:UNLEASH 5/6 CAN'T TOUCH YOU BUT IM GONNA MAKE YOU MINE #ENCHELLA2025 #ENHYPENinCoachella,desireunleash cant touch im gon na make mine enchella enhypenincoachella
still going through my vids from last night but this is 100% my favorite video from the show. Proud of the boys is an understatement. I'm still processing that I saw Jay with my eyes #ENCHELLA2025 #HAPPY_JAY_DAY #ENHYPEN_JAY #ENHYPEN https://t.co/BK2I3Xm7Ia,still going vids last night favorite video show proud boys understatement im processing saw jay eyes enchella happyjayday enhypenjay enhypen
enhypen s red hair guy engene s ace lee heeseung️‍ #heeseung #희승 #enchella #enchella2025 https://t.co/X3orcw0Ne3,enhypen red hair guy engene ace lee heeseung enchella
ENHYPEN - Sweet Venom &amp; Daydream Performance in Coachella 2025 #ENHYPEN #ENCHELLA #ENCHELLA2025 https://t.co/TXSuIx682O,enhypen sweet venom amp daydream performance coachella enchella
@theweeknd We need a collaboration with Enhypen's Heeseung. He loves you #HEESEUNG #ENHYPEN #ENCHELLA2025 https://t.co/JjmGGJNgSH,need collaboration enhypens heeseung loves enhypen enchella
@divengenes MOONSTRUCK 4EVER #ENHYPEN #ENCHELLA2025 #ENHYPENinCoachella #ColombiaWantsEnhypen #ENGENES,moonstruck ever enhypen enchella enhypenincoachella colombiawantsenhypen engenes
Engenes how are we doing? ️‍ https://t.co/I1CJCC6IMs #HEESEUNG_ENHYPEN #희승 #李羲承 #ヒスン #ENHYPEN_HEESEUNG #ENHYPEN #엔하이픈 #ROMANCE_UNTOLD_daydream #HEESEUNG #EN_loose #ENCHELLA #ENCHELLA2025,engenes heeseungenhypen enhypenheeseung enhypen romanceuntolddaydream heeseung enloose enchella
(ni) : Am I debut? (ki) : Yes. Coachella debut you're in history baby. The youngest performer at the world festival ! #NI_KI #니키 #ニキ #西村力 #ENCHELLA #ENHYPEN #Coachella #Coachella2025 #ENCHELLA2025 https://t.co/qWnB162etN,ni debut ki yes coachella youre history baby youngest performer world festival niki enchella enhypen
@wanted_jay_ Happy birthday!!! #낭만깜고_락스타_종성데이 #WeavingOurFateswithJAY #HappyBirthJAY #Coachella2025 #enhypencoachella #ENCHELLA #ENCHELLA2025 #JAY #제이 #ジェイ #ENHYPEN_JAY #엔하이픈_제이 #ENHYPEN #엔하이픈 #エンハイプン,happy birthday weavingourfateswithjay happybirthjay coachella enhypencoachella enchella jay enhypenjay enhypen
So happy I got to witness Enhypens amazing weekend 2 stage with this announcement Enhypens comeback is going to be amazing!!! #ENCHELLA #ENCHELLA2025 #ENHYPEN https://t.co/mdbUzw7kPT,happy got witness enhypens amazing weekend stage announcement comeback going enchella enhypen
ENCHELLA and Birthday day Jay #ENCHELLA2025 #birthdayjay https://t.co/fNFUhi606g,enchella birthday day jay birthdayjay
ok wait but their jackets had to have been spoilers who decides WDW the drawings? a barren tree a winged figure the cathedral windows? (maybe important easter egg to note is cathedral city is located in coachella valley) #enchella #enchella2025 https://t.co/FsJnAoTEWO,ok wait jackets spoilers decides wdw drawings barren tree winged figure cathedral windows maybe important easter egg note city located coachella valley enchella
Shout out to PRADA #ENHYPEN #ENCHELLA #ENCHELLA2025 https://t.co/mTE20ZW7Dn,shout prada enhypen enchella
Why Coachella week 2 is better than week 1 #COACHELLA2025 #ENCHELLA2025 #LISACHELLA2025 #JENCHELLA2025,coachella week better enchella lisachella jenchella
heeseung lmao #heeseung #희승 #enchella #enchella2025 https://t.co/FNaL9Zs1Nb,heeseung lmao enchella
mildangz things #enchella #hoonhee #enhypen #heeseung #SUNGHOON #COACHELLA2025 #ENCHELLA2025 https://t.co/SxFDfpfX15,mildangz things enchella hoonhee enhypen heeseung sunghoon coachella
@Prada @ENHYPEN @ENHYPEN_members PRADA boys looking amazing as always #ENHYPENinCoachella #ENCHELLA2025 #COACHELLA,prada boys looking amazing always enhypenincoachella enchella coachella
HAPPY BIRTHDAY JAY #JAY #ENHYPEN #COACHELLA2025 #ENCHELLA #ENCHELLA2025 https://t.co/EnsJ6VGA8c,happy birthday jay enhypen coachella enchella
it s still jay s birthday!!!! #HappyBirthJAY #HAPPYJAYDAY #ENCHELLA2025 #JAYatCOACHELLA @ENHYPEN_members https://t.co/SEmygBb15e,still jay birthday happybirthjay happyjayday enchella jayatcoachella
#ENCHELLA ARE ONE FOR THE BOOKS!! #ENCHELLA2025 https://t.co/tKMvXpqJvB,enchella one books
@findcamie jake #ENCHELLA #ENCHELLA2025 #COACHELLA2025 #ENHYPEN,jake enchella coachella enhypen
@findcamie jungwon #ENCHELLA #ENCHELLA2025 #COACHELLA2025 #ENHYPEN,jungwon enchella coachella enhypen
DESIRE : UNLEASH IS AN INSANE TITLE I FEAR NONE OF US ARE SURVIVING THIS #ENHYPEN #ENCHELLA #ENCHELLA2025 #ENHYPENinCoachella #ENHYPENCOMEBACK,desire unleash insane title fear none us surviving enhypen enchella enhypenincoachella enhypencomeback
enhypen world tour en Argentina enhypen world tour en Argentina enhypen world tour en Argentina enhypen world tour en Argentina enhypen world tour en Argentina enhypen world tour en Argentina enhypen world tour en Argentina #ENHYPEN #DESIREUNLEASH #ENCHELLA2025 #ENCHELLA https://t.co/mrSfD1mJ1H,enhypen world tour en argentina desireunleash enchella
@jaeseungluv @kimsunooz BOUND BY FATE WITH JAY #WeavingOurFateswithJAY #낭만깜고_락스타_종성데이 #HappyBirthdayJAY #JAY #제이 @ENHYPEN_members @ENHYPEN #ENCHELLA #ENCHELLA2025,bound fate jay weavingourfateswithjay happybirthdayjay enchella
feels like i'm going to Coachella #COACHELLA2025 #ENHYPEN #ENCHELLA #ENCHELLA2025 #ENHYPEN_JAKE #LOOPEARPLUGS https://t.co/g92U0doS1n,feels like im going coachella enhypen enchella enhypenjake loopearplugs
My Man #JAKE #ENHYPEN #ENHYPEN_JAKE #ENCHELLA #ENCHELLA2025,man jake enhypen enhypenjake enchella
HAPPY BIRTHDAY JAYYYY !! [ik i'm late but im js rlly bsy rn ] #JAY #ENCHELLA2025 #ENHYPEN #fypシ,happy birthday jayyyy ik im late js rlly bsy rn jay enchella enhypen fyp
@heeseuven @ENHYPEN_members @ENHYPEN PROUD OF YOU BOYSS #ENHYPEN #ENCHELLA #ENCHELLA2025,proud boyss enhypen enchella
CMON GUYSS LET'S TALK ABOUT ENHYPEN SAMPEE GUMOHHHHH #ENCHELLA #ENCHELLA2025 #ENHYPEN #ENHYPENinCoachella,cmon guyss lets talk enhypen sampee gumohhhhh enchella enhypenincoachella
Red in the dessert #ENCHELLA2025 https://t.co/1E0FU4BXJ1,red dessert enchella
Celebrating an unforgettable night backstage at Coachella! Share smiles peace signs and pure joy after an electrifying performance that lit up the desert stage. #ENCHELLA2025 https://t.co/LqGLDNX16g,celebrating unforgettable night backstage coachella share smiles peace signs pure joy electrifying performance lit desert stage enchella
#엔하이픈_성훈 #ENHYPEN_SUNGHOON #성훈 #SUNGHOON #엔하이픈 #ENHYPEN #Sunghoon @ENHYPEN_members #ENCHELLA #COACHELLA2025 #ENCHELLA2025 HOONCHELLA TAKES OVER #SUNGHOONRulesCoachella https://t.co/FIbI82qYjA,enhypensunghoon sunghoon enhypen enchella coachella hoonchella takes sunghoonrulescoachella
@jaeseungluv @kimsunooz Happy level up for our rockstar Give him a lot of our love BOUND BY FATE WITH JAY #WeavingOurFateswithJAY #낭만깜고_락스타_종성데이 #HappyBirthJAY @ENHYPEN_members @ENHYPEN #ENHYPEN #엔하이픈 #JAY #제이 #ENCHELLA #ENCHELLA2025 #ENHYPEN https://t.co/yC5wgzhPJv,happy level rockstar give lot love bound fate jay weavingourfateswithjay happybirthjay enhypen enchella
@jaeseungluv @kimsunooz BOUND BY FATE WITH JAY #WeavingOurFateswithJAY #낭만깜고_락스타_종성데이 #HappyBirthJAY #JAY #제이 @ENHYPEN_members @ENHYPEN #ENCHELLA #ENCHELLA2025 #ENHYPEN https://t.co/mC3oVNmdtN,bound fate jay weavingourfateswithjay happybirthjay enchella enhypen
@jaeseungluv @kimsunooz all the best wish for u my man wml&lt;3 BOUND BY FATE WITH JAY #WeavingOurFateswithJAY #낭만깜고_락스타_종성데이 #HappyBirthJAY #JAY #제이 @ENHYPEN_members @ENHYPEN #ENCHELLA #ENHYPEN #ENCHELLA2025 https://t.co/hXi7MABcHC,best wish u man wmllt bound fate jay weavingourfateswithjay happybirthjay enchella enhypen
Riki seems to be enjoying the stage. I love that smile #NI_KI #니키 #ニキ #西村力 #엔하이픈 #ENHYPEN #Coachella2025 #ENCHELLA2025,riki seems enjoying stage love smile niki enhypen coachella enchella
For keeps~ ️️️ #1 fire historic trending worldwide~ always get the important key points~ ️ #ENCHELLA #ENCHELLA2025 #ENHYPEN #COACHELLA2025,keeps fire historic trending worldwide always get important key points enchella enhypen coachella
Jay performing on coachella on his birthday #ENCHELLA2025 #HappyBirthJAY,jay performing coachella birthday enchella happybirthjay
Weekend 1 vs Weekend 2 #ENCHELLA2025 #JAKE #ENHYPEN_JAKE #COACHELLA2025 https://t.co/I6ToA962Bd,weekend vs enchella jake enhypenjake coachella
HEESUNG can't stop it?️ #ENHYPEN #ENCHELLA2025,heesung cant stop enhypen enchella
JAKECHELLA!! Weekend 1 and Weekend 2 #ENHYPEN #ENCHELLA2025 #ENCHELLA2025 #COACHELLA2025 #JAKE https://t.co/uig4eGPfxX,jakechella weekend enhypen enchella coachella jake
lmaoo that s funny coming from y all the ones that started dragging enha unprovoked. nobody scared of treasure babe they already at the bottom. the obsession is crazy. y all quoting every hour like it s a full time job. it s giving unemployed #ENCHELLA #ENHYPEN #ENCHELLA2025 https://t.co/HJOYyO07BZ,lmaoo funny coming ones started dragging enha unprovoked nobody scared treasure babe already bottom obsession crazy quoting every hour like full time job giving unemployed enchella enhypen
 I wish you ll read my letter for you JAY #낭만깜고_락스타_종성데이 #WeavingOurFateswithJAY #HappyBirthJAY #ENCHELLA #ENCHELLA2025 #JAY #제이 #ジェイ #ENHYPEN_JAY #엔하이픈_제이 #ENHYPEN #엔하이픈 https://t.co/bi6mlEP2P7,wish read letter jay weavingourfateswithjay happybirthjay enchella enhypenjay enhypen
seriously i need ni-ki s jacket #COACHELLA2025 #ENHYPEN #ENCHELLA2025 https://t.co/olmsHzG7z3,seriously need niki jacket coachella enhypen enchella
My fierce hot and sexy man~ ️ U rock it slayed it ate it and burned it~ eyyy Wifey happy to this confident man for overcoming human limitations ~ u're a vamwolf last night~ ️ #제이크 #JAKE #ENCHELLA #ENCHELLA2025 #COACHELLA2025,fierce hot sexy man u rock slayed ate burned eyyy wifey happy confident overcoming human limitations ure vamwolf last night jake enchella coachella
Y is it only 6 members instead of 7??? I knew Enhypen hated eo but they don't have to make it soo obvious #JAYatCOACHELLA #ENHYPEN #ENHYPEN_JAY #ENCHELLA2025 https://t.co/wEeT8UpAue,members instead knew enhypen hated eo dont make soo obvious jayatcoachella enhypenjay enchella
Happy to be ur engene ~ mwahhh ~ ️ See u soon and get well ️‍~ Smile and enjoy okii~️ @ENHYPEN_members #ENHYPEN #ENCHELLA #ENCHELLA2025 #COACHELLA2025,happy ur engene mwahhh see u soon get well smile enjoy okii enhypen enchella coachella
#ENCHELLA2025 Itwas an incredible and amazing 2 weeks for u our dearest enha ~ ️ Enhypen in Coachella is truly one for the books ure so admirable guys.. I'm truly very proud of u Seven ~ ️ It was very tough it's the first it's a new experience it's nerve wracking right? https://t.co/BeklGUjbtk,enchella itwas incredible amazing weeks u dearest enha enhypen coachella truly one books ure admirable guys im proud seven tough first new experience nerve wracking right
@ENHYPENLAWYER fr i see no lies #ENHYPEN #COACHELLA2025ENHYPEN #COACHELLA2025 #ENCHELLA #ENCHELLA2025 https://t.co/sniINhWGjG,fr see lies enhypen coachellaenhypen coachella enchella
@enhypenupdates OH MY GAWD ENHYPEN VAMPS UP COACHELLA #ENHYPENinCoachella #ENCHELLA2025 #COACHELLA,oh gawd enhypen vamps coachella enhypenincoachella enchella
Extremely hot Riki #NI_KI #니키 #ニキ #西村力 #엔하이픈 #ENHYPEN #Coachella2025 #ENCHELLA2025,extremely hot riki niki enhypen coachella enchella
I just discovered Paranormal in Enchella but this song is so good I ve never heard it before and I just want to hear it on repeat?? #ENCHELLA2025 #ENHYPENinCoachella https://t.co/RGtJXQrGMq,discovered paranormal enchella song good never heard want hear repeat enhypenincoachella
@heeseuven @ENHYPEN_members @ENHYPEN you did well jungwon you did well heeseung you did well jay you did well jake you did well sunghoon you did well sunoo you did well ni-ki SO PROUD OF YOU ENHYPEN #ENHYPEN #ENCHELLA #ENCHELLA2025 #COCHELLA2025,well jungwon heeseung jay jake sunghoon sunoo niki proud enhypen enchella cochella
@AboutMusicYT Extremely hot Yass Keep slaying Riki #NI_KI #니키 #ニキ #西村力 #엔하이픈 #ENHYPEN #Coachella2025 #ENCHELLA2025 https://t.co/lxXhfze4OJ,extremely hot yass keep slaying riki niki enhypen coachella enchella
happy bday jay!! #낭만깜고_락스타_종성데이 #WeavingOurFateswithJAY #HappyBirthJAY #Coachella2025 #enhypencoachella #ENCHELLA #ENCHELLA2025 #JAY #제이 #ジェイ #ENHYPEN_JAY #엔하이픈_제이 #ENHYPEN #엔하이픈 #エンハイプン https://t.co/9Y34EjBDge,happy bday jay weavingourfateswithjay happybirthjay coachella enhypencoachella enchella enhypenjay enhypen
Sir what's this attitude? ENHYPEN VAMPS UP COACHELLA #Sunghoon #ParkSunghoon #ENHYPEN #ENCHELLA #ENCHELLA2025 #Coachella2025,sir whats attitude enhypen vamps coachella sunghoon parksunghoon enchella
This guy has became such a hot menace on wk2!! The Coachella air changed him !! #ENHYPEN_JAKE #ENHYPEN #COACHELLA2025 #ENCHELLA #ENCHELLA2025 #ENGENE #ENHYPENinCoachella #ENHYPENCOMEBACK #JAKE_ENHYPEN #jakechella,guy became hot menace wk coachella air changed enhypenjake enhypen enchella engene enhypenincoachella enhypencomeback jakeenhypen jakechella
Vocal Kings!!! ENHYPEN VAMPS UP COACHELLA #ENHYPEN #ENCHELLA #ENCHELLA2025 #Coachella2025,vocal kings enhypen vamps coachella enchella
@nikizet3 VAMPIRES IN THE DESERT #ENCHELLA2025 #ENCHELLA #ENHYPEN #COACHELLA2025,vampires desert enchella enhypen coachella
Sleeveless Sunghoon feat. Jake in a Red Leather Jacket! ️ ENHYPEN VAMPS UP COACHELLA #Sunghoon #ParkSunghoon #Jake #SimJaeyun #ENHYPEN #ENCHELLA #ENCHELLA2025 #Coachella2025 https://t.co/rRnRN5qOOG,sleeveless sunghoon feat jake red leather jacket enhypen vamps coachella parksunghoon simjaeyun enchella
 Don t test me sige boss #ENHYPEN_SUNGHOON #ENCHELLA2025 https://t.co/Z9UUHXkm2E,test sige boss enhypensunghoon enchella
jake really said slow it down make it bouncy lol #ENCHELLA2025,jake really said slow make bouncy lol enchella
so damn fine #ENHYPEN_JAKE #ENCHELLA2025 https://t.co/Am2tPISOms,damn fine enhypenjake enchella
@heebolando Teeth #ENHYPEN #ENCHELLA2025 #COACHELLA2025,teeth enhypen enchella coachella
BROUGHT THE HEAT BACK #ENCHELLA2025 #ENHYPEN https://t.co/lqDuPdD1mF,brought heat back enchella enhypen
Omg I m loving on the new engenes on my tl!!! #ENCHELLA2025 #ENHYPEN https://t.co/TeOJOxVq7n,omg loving new engenes tl enchella enhypen
@WORLDMUSICAWARD LETS GOOOOOO #ENCHELLA #ENCHELLA2025 @ENHYPEN_members,lets goooooo enchella
Enhypen at Coachella week2 was a new edgier &amp; cooler version of WK1. They sounded so amazing and looked so . #ENHYPEN #ENCHELLA #ENCHELLA2025 #HEESEUNG #ENHYPEN_JAKE #ENHYPEN_JAY #ENHYPEN_NI_KI #JUNGWON #SUNOO #SUNGHOON #ENGENES #COACHELLA2025,enhypen coachella week new edgier amp cooler version wk sounded amazing looked enchella heeseung enhypenjake enhypenjay enhypenniki jungwon sunoo sunghoon engenes
@ENHYPENVT DESIRE : UNLEASH 2025.06.05 ENHYPEN VAMPS UP COACHELLA #ENHYPENinCoachella #ENCHELLA2025 #COACHELLA,desire unleash enhypen vamps coachella enhypenincoachella enchella
#ENCHELLA2025 week 2 Drunk-Dazed https://t.co/A6rS4zpVCo,enchella week drunkdazed
I love the sunghoon effect #ENCHELLA2025 #ENHYPENinCoachella #COACHELLA2025 #HOONCHELLA #SUNGHOON https://t.co/MEVwCENt6E,love sunghoon effect enchella enhypenincoachella coachella hoonchella
I need more of this pleaseeee Heesun #ENCHELLA2025 #HeeSun #COACHELLA2025 https://t.co/MYOH6kszk5,need pleaseeee heesun enchella coachella
@ENHYPENLAWYER he doesn't care about my well-being #ENHYPEN #COACHELLA2025ENHYPEN #COACHELLA2025 #ENCHELLA #ENCHELLA2025 https://t.co/0mKxRKJZkE,doesnt care wellbeing enhypen coachellaenhypen coachella enchella
NI-KI WITH THE LIP BITE OMG?? #ENCHELLA #ENHYPEN #ENCHELLA2025 #NI_KI https://t.co/SLWhSJ90iw,niki lip bite omg enchella enhypen
Happy 23 JAY #JAYCHELLA #ENCHELLA2025 https://t.co/jrbV66vtxl,happy jay jaychella enchella
@peghoonie LITERALLY #COACHELLA2025 #ENCHELLA #ENHYPEN #ENCHELLA2025,literally coachella enchella enhypen
@Nataenha_ IDKK smth dark #COACHELLA2025 #ENCHELLA #ENHYPEN #ENCHELLA2025,idkk smth dark coachella enchella enhypen
JAKE SIM IN RED LEATHER JACKET IS SO DAMN ATTRACTIVE!!! #keuchella #ENCHELLA #ENCHELLA2025 #COACHELLA2025 #ENHYPEN_JAKE https://t.co/D09usEnaLO,jake sim red leather jacket damn attractive keuchella enchella coachella enhypenjake
All the engenes singing happy birthday to Jay at the end of #ENHYPEN set was just the cutest ending for #ENCHELLA2025!!!,engenes singing happy birthday jay end enhypen set cutest ending enchella
They did so well can t wait for what s coming next!! #ENHYPEN #ENCHELLA2025 #DESIRE_UNLEASH https://t.co/XooHMjDWUt,well wait coming next enhypen enchella desireunleash
NEW ERA NEW LAYOUT LETS GOO!! #ENHYPEN #Coachella2025Enhypen #COACHELLA2025 #ENCHELLA #ENCHELLA2025 https://t.co/ZdwaJSrGr9,new era layout lets goo enhypen coachellaenhypen coachella enchella
Enha and the backup dancers such a sweet moment! #ENCHELLA #ENHYPEN #ENCHELLA2025 https://t.co/E6iah8PVkg,enha backup dancers sweet moment enchella enhypen
Back in my day we had ddeonu &amp; heedeungie and we had songs like Chamber 5 and 10 months #ENHYPEN #ENCHELLA #ENCHELLA2025 https://t.co/akj5YhpQ7P,back day ddeonu amp heedeungie songs like chamber months enhypen enchella
I can t stop thinking about this moment arghhhhhhh JAY!!!! #ENCHELLA #ENHYPEN_JAY #ENCHELLA2025 https://t.co/IJAxrY7nyx,stop thinking moment arghhhhhhh jay enchella enhypenjay
need engene moots #enhypen #engene #ENCHELLA2025 #moots #stantwt,need engene moots enhypen enchella stantwt
I'm fvcking love him Jake #ENCHELLA2025 #JAKE #ENHYPEN_JAKE #ENCHELLA https://t.co/HFs1FOwsPF,im fvcking love jake enchella enhypenjake
Daze Daze Daze#SUNOO #SUNOO #ENHYPEN #ENCHELLA2025,daze dazesunoo sunoo enhypen enchella
happy b'day jay! sorry for late. and happy b'day maeumi. #JAY #ENHYPEN #ENCHELLA2025 @ENHYPEN @ENHYPEN_members,happy bday jay sorry late maeumi enhypen enchella
The amount of love and attention our boys are getting is really bringing tears to my eyes #ENCHELLA2025 #ENHYPEN #ENHYPENinCoachella,amount love attention boys getting really bringing tears eyes enchella enhypen enhypenincoachella
My mum fall in love with Jay #ENCHELLA #ENCHELLA2025 #ENHYPEN_JAY #ENHYPEN #COACHELLA2025 https://t.co/uCXAi8A6ZP,mum fall love jay enchella enhypenjay enhypen coachella
whyyy so pogi Sun???!! #ENHYPEN #ENCHELLA2025 #ENCHELLA,whyyy pogi sun enhypen enchella
HIS BOY IS DANGEROUS #JUNGWON #ENHYPEN #ENCHELLA #ENCHELLA2025 https://t.co/5a9LjEdzN8,boy dangerous jungwon enhypen enchella
When Ni-Ki puts on those glasses you know he s about to devour the stage. and Nishimura Riki has never delivered a lacking performance! #NI_KI #ENCHELLA2025 #ENHYPEN https://t.co/2une1ntCKV,niki puts glasses know devour stage nishimura riki never delivered lacking performance enchella enhypen
When Ni-Ki puts on those glasses you know he s about to devour the stage. and Nishimura Riki has never delivered a lacking performance #NI_KI #ENCHELLA2025 #ENHYPEN https://t.co/0XzaY9dEgv,niki puts glasses know devour stage nishimura riki never delivered lacking performance enchella enhypen
just leave it here #COACHELLA2025 #ENHYPEN #ENCHELLA2025,leave coachella enhypen enchella
hot guy #ENHYPEN #ENHYPEN_NIKI #ENCHELLA2025,hot guy enhypen enhypenniki enchella
Sunghoon getting recognition from locals and non engenes and I'm here for it #ENCHELLA2025 #SUNGHOON #COACHELLA2025,sunghoon getting recognition locals non engenes im enchella coachella
this picture of Jake ️‍ #ENHYPEN #ENCHELLA2025 https://t.co/wm03r3OFZG,picture jake enhypen enchella
catching up to #ENCHELLA2025 huhu so fire todaaay ,catching enchella huhu fire todaaay
HEESUN COACHELLA ICONIC #HEESEUNG #SUNOO #ENCHELLA2025 https://t.co/kApqxiLNKi,heesun coachella iconic heeseung sunoo enchella
@ikeumaiz damn #ENCHELLA2025 #ENHYPEN #ENCHELLA,damn enchella enhypen
Happy Birthday Maeumi!!!!. Also Happy Birthday Jay!!!!! #ENHYPEN #ENHYPEN_JAY #ENCHELLA2025 #MaeumiDAY https://t.co/mxxwZGwCfS,happy birthday maeumi also jay enhypen enhypenjay enchella maeumiday
WTF it is getting more and more delulu #ENHYPEN #ENCHELLA2025 #ENGENE https://t.co/1pJnfPn2pA,wtf getting delulu enhypen enchella engene
im still thinking abt this ohmygod #ENCHELLA #ENCHELLA2025 https://t.co/hsjuKp7VXg,im still thinking abt ohmygod enchella
NOW NOW WHO IS THIS FINE SHYYTTT #ENHYPEN #ENCHELLA2025 #Coachella2025 https://t.co/DsXqXRUJ7T,fine shyyttt enhypen enchella coachella
He's so fuckin FINEEEEE #SUNGHOON #HOONCHELLA #ENHYPEN #ENCHELLA2025 https://t.co/oG5uq1Oc1v,hes fuckin fineeeee sunghoon hoonchella enhypen enchella
Nihao fine shyt ‍ #SUNGHOON #HOONCHELLA #ENHYPEN #ENCHELLA2025 https://t.co/vhiwvXzEkM,nihao fine shyt sunghoon hoonchella enhypen enchella
GOKSSS WEEK 2 #ENCHELLA2025 #ENHYPEN https://t.co/h3BOjkhd20,goksss week enchella enhypen
Bro what are you doing? #SUNGHOON #ENHYPEN #ENCHELLA2025 https://t.co/gtUbT7S8tX,bro sunghoon enhypen enchella
Enhypen va a pasar de I would give up heaven if I had to a I could bring heaven to you ️‍ #enhypen #ENCHELLA2025,enhypen va pasar de would give heaven could bring enchella
Dear my rockstar happy birthday #제이 #ENHYPEN_JAY #ENHYPEN #JAY #ジェイ #박종성 #엔하이픈 #COACHELLA #Coachella2025 #ENCHELLA #ENCHELLA2025 #HAPPY_JAY_DAY #쫑쫑쫑_쫑냥이_생일이다옹 #엔진만의_락스타_포레버 https://t.co/CIEtt4DX2g,dear rockstar happy birthday enhypenjay enhypen jay coachella enchella happyjayday
the visuals talent charisma and stage presence these sevEN serve #ENHYPEN #ENCHELLA2025 #ENCHELLA #COACHELLA2025 https://t.co/xJF5obu55x,visuals talent charisma stage presence seven serve enhypen enchella coachella
One for the books. VAMPIRES IN THE DESERT #ENCHELLA2025 #ENHYPEN #COACHELLA2025 https://t.co/Pd2tpll7vO,one books vampires desert enchella enhypen coachella
How can I move on from this Sunoo!!?? #ENCHELLA2025 #ENHYPEN #SUNOO,move sunoo enchella enhypen
why do I wake up w this??? LMAOO #ENCHELLA #ENHYPEN #ENCHELLA2025 #ENHYPEN_JAY https://t.co/crjmoStnSQ,wake w lmaoo enchella enhypen enhypenjay
Proud of my SEVEN You did very well today .. Get some rest now #ENHYPEN #ENCHELLA2025 #ENCHELLA https://t.co/jB19hGxhUd,proud seven well today get rest enhypen enchella
Driving me insane actually #enhypen #enhypen_sunghoon #ENCHELLA2025 #Coachella2025Enhypen #SUNGHOONRulesCoachella #SUNGHOON https://t.co/GU5dqUSFBG,driving insane actually enhypen enhypensunghoon enchella coachellaenhypen sunghoonrulescoachella sunghoon
OKAY SO i got noticed by JAY! AAAAHHH I SAID 'have you heard that engenes were singing for you after you left the stage AND THIS IS WHAT HE SAID IQKQKWKWLWKWNA #ENHYPEN #ENCHELLA2025 #ENHYPEN_JAY #JAYatCOACHELLA https://t.co/Jm5oXiTxWt,okay got noticed jay aaaahhh said heard engenes singing left stage iqkqkwkwlwkwna enhypen enchella enhypenjay jayatcoachella
sunoo is so stable there's no excuse for him not getting lines I'm sorry but it's insane....glad everyone is seeing it now #SUNOO #ENCHELLA2025 #ENHYPEN https://t.co/6DhGcilFkG,sunoo stable theres excuse getting lines im sorry insaneglad everyone seeing enchella enhypen
Happy birthday Jay! Here s to another year of wonderful you - keep on rockin' BOUND BY FATE WITH JAY #WeavingOurFateswithJAY #낭만깜고_락스타_종성데이 #JAY #제이 #ENCHELLA2025 @ENHYPEN_members @ENHYPEN https://t.co/ZKmqxgRHoz,happy birthday jay another year wonderful keep rockin bound fate weavingourfateswithjay enchella
JAY my love ️ HBD Thank you for coming even though that you are tired Get some rest &amp; enjoy your birthday #낭만깜고_락스타_종성데이 #WeavingOurFateswithJAY #HappyBirthJAY #ENCHELLA #ENCHELLA2025 #JAY #제이 #ジェイ #ENHYPEN_JAY #엔하이픈_제이 #ENHYPEN #엔하이픈 https://t.co/Ovx8r8mnqA,jay love hbd thank coming even though tired get rest amp enjoy birthday weavingourfateswithjay happybirthjay enchella enhypenjay enhypen
Need an enha gc to freak out over this pls someone adopt me into their gc I won't disappoint #ENCHELLA2025 #ENCHELLA #ENHYPEN #ENHYPEN https://t.co/oS6IClUDNJ,need enha gc freak pls someone adopt wont disappoint enchella enhypen
@pocketzgallery It's such a huge flex omggg Enhypen the main character you were at Coachella is insane we are so proud ENHYPEN VAMPS UP COACHELLA #ENHYPEN #ENCHELLA #ENCHELLA2025 #Coachella2025,huge flex omggg enhypen main character coachella insane proud vamps enchella
@cirxzs Yes Its the cutest thing wait until you hear them calling you an engene u will be so emotionally attached to them Welcome little one ENHYPEN VAMPS UP COACHELLA #ENHYPEN #ENCHELLA #ENCHELLA2025 #Coachella2025,yes cutest thing wait hear calling engene u emotionally attached welcome little one enhypen vamps coachella enchella
@slovesjsm done bub thanks for GA #ENCHELLA2025 #ENCHELLA #COACHELLA2025 #ENHYPEN,done bub thanks ga enchella coachella enhypen
bite me fever let me in sacrifice paradoxxx invasion polaroid love shout out chaconne criminal love #ENHYPEN #ENCHELLA2025,bite fever let sacrifice paradoxxx invasion polaroid love shout chaconne criminal enhypen enchella
@Enhagyy Enhypen you will always be famous Let's the hoe's stay mad Enhypen the main character you were at Coachella is insane we are so proud ENHYPEN VAMPS UP COACHELLA #ENHYPEN #ENCHELLA #ENCHELLA2025 #Coachella2025,enhypen always famous lets hoes stay mad main character coachella insane proud vamps enchella
@moonandenhypen The sweetest &amp; most respectful artists ever they deserve the love and fame Enhypen the main character you were at Coachella is insane we are so proud ENHYPEN VAMPS UP COACHELLA #ENHYPEN #ENCHELLA #ENCHELLA2025 #Coachella2025,sweetest amp respectful artists ever deserve love fame enhypen main character coachella insane proud vamps enchella
Talk of the town Do you know them ? ENCHELLA #ENCHELLA2025 https://t.co/03jHSBMOWb,talk town know enchella
@jayberrycute That's insane Enhypen and Engene's the king and kingdom we are Enhypen the main character you were at Coachella is insane we are so proud ENHYPEN VAMPS UP COACHELLA #ENHYPEN #ENCHELLA #ENCHELLA2025 #Coachella2025,thats insane enhypen engenes king kingdom main character coachella proud vamps enchella
@jayberrycute OMGGGGG LET'S GOOOO #ENHYPEN #ENCHELLA2025 #COACHELLA2025,omggggg lets goooo enhypen enchella coachella
Main Character... HEESEUNG DOMINATES COACHELLA #CoachellaHeeseungFever #HEESEUNG #ENCHELLA2025 #COACHELLA2025,main character heeseung dominates coachella coachellaheeseungfever enchella
really talented PERIODT #ENCHELLLA #ENHYPEN #COACHELLA2025 #ENCHELLA2025,really talented periodt enchellla enhypen coachella enchella
I'M SO PROUD OF MY BABIES!!! @ENHYPEN @ENHYPEN_members #ENHYPEN #ENCHELLA2025 https://t.co/WEW80Ajz38,im proud babies enhypen enchella
Enhypen literally anime characters in real life!!! #ENCHELLA2025 #ENCHELLA #Coachella2025 https://t.co/393k1h2AoV,enhypen literally anime characters real life enchella coachella
@starryoosun Enhypen the main character you were at Coachella is insane we are so proud ENHYPEN VAMPS UP COACHELLA #ENHYPEN #ENCHELLA #ENCHELLA2025 #Coachella2025,enhypen main character coachella insane proud vamps enchella
@cirxzs Welcome #ENCHELLA2025 #ENCHELLA #ENHYPEN #VAMPIRESINTHEDESERT,welcome enchella enhypen vampiresinthedesert
@jaytakisfuego Yes yes yes yes yes yes yes yes omg yes Enhypen the main character you were at Coachella is insane we are so proud ENHYPEN VAMPS UP COACHELLA #ENHYPEN #ENCHELLA #ENCHELLA2025 #Coachella2025,yes omg enhypen main character coachella insane proud vamps enchella
@cielinfin Pure performance power Enhypen the main character you were at Coachella is insane we are so proud ENHYPEN VAMPS UP COACHELLA #ENHYPEN #ENCHELLA #ENCHELLA2025 #Coachella2025,pure performance power enhypen main character coachella insane proud vamps enchella
@starfess i like red #ENCHELLA2025 #COACHELLA2025 #ENHYPEN,like red enchella coachella enhypen
@peghoonie Wtf Kim Sunoo also #ENCHELLA2025 #ENHYPEN #VAMPIRESINTHEDESERT #ENCHELLA,wtf kim sunoo also enchella enhypen vampiresinthedesert
#ENCHELLA2025 WE FUCKING LOVE YOU,enchella fucking love
@WONFAlRY Our ultimate idol the best leader #JUNGWON we love you forever ENHYPEN VAMPS UP COACHELLA #ENHYPEN #ENCHELLA #ENCHELLA2025 #Coachella2025,ultimate idol best leader jungwon love forever enhypen vamps coachella enchella
making sunoo wear that hoodie in that hot weather is actually evil but he still slayed #SUNOO #ENCHELLA2025,making sunoo wear hoodie hot weather actually evil still slayed enchella
OMG HE LOOKS SO KAWAII HERE I COULD CRY!!!!!! SUGOI SUGOI SUGOI!!!! HE LOOKS SO PRECIOUS AND CUTE I COULD CRYYYYY #JUNGWON #ENHYPEN #ENCHELLA2025 #COACHELLA2025 https://t.co/Hf9M8GKyC9,omg looks kawaii could cry sugoi precious cute cryyyyy jungwon enhypen enchella coachella
DESIRE : UNLEASH COMEBACK HEADERS made by me #ENHYPEN #ENCHELLA2025 #DESIRE_UNLEASH https://t.co/OAwMYwyyzT,desire unleash comeback headers made enhypen enchella desireunleash
ENCHELLA WEEK 2 JAYS BDAY ENHYPENS OUT HERE BREAKING RECORDS JUNE COMEBACK TITLE RELEASED GOD IS GOOD #ENHYPEN #ENCHELLA #DESIRE_UNLEASH #Coachella2025 #ENCHELLA2025 https://t.co/laPLbm0IWd,enchella week jays bday enhypens breaking records june comeback title released god good enhypen desireunleash coachella
LET ME FUCKING LIVE WTFFFF AHHHHHGGGHHHHHAHHHHH WTFFFFFF SIR CALM DOWN I CANT DO THIS ANYMORE #ENCHELLA2025 #ENCHELLA #ENHYPENinCoachella #COACHELLA2025 #JAKE https://t.co/chMKtq5NtF,let fucking live wtffff ahhhhhggghhhhhahhhhh wtffffff sir calm cant anymore enchella enhypenincoachella coachella jake
I LOVE GEL BOY #ENHYPEN #ENCHELLA2025 https://t.co/oQQtBat8ls,love gel boy enhypen enchella
@jayberrycute LETSS GOOOO #ENHYPEN #ENCHELLA2025 #ENCHELLA,letss goooo enhypen enchella
@YJWLOOKS they are trending even in India Enhypen the main character you were at Coachella is insane we are so proud ENHYPEN VAMPS UP COACHELLA #ENHYPEN #ENCHELLA #ENCHELLA2025 #Coachella2025 https://t.co/COtuRIlAVF,trending even india enhypen main character coachella insane proud vamps enchella
@Koreaboo You know En-Karma is real when u see even koreaboo talking good about Enha I'm loving this KINGHYPEN slayyy Enhypen the main character you gave at Coachella is insane we are so proud ENHYPEN VAMPS UP COACHELLA #ENHYPEN #ENCHELLA #ENCHELLA2025 #Coachella2025,know enkarma real u see even koreaboo talking good enha im loving kinghypen slayyy enhypen main character gave coachella insane proud vamps enchella
exceptional iconic 3 minutes and totally served honestly you can't take your eyes off him he totally captures your attention he deserves the best proud of him I hope he gets some rest before starting again. I really love him️#SUNOO #NOOCHELLA #ENCHELLA2025,exceptional iconic minutes totally served honestly cant take eyes captures attention deserves best proud hope gets rest starting really love himsunoo noochella enchella
now that this experience is over a new era will begin they were exceptional everyone in everything especially on stage and vocals they are true artists I wish the best to everyone they deserve it and also a holiday. #ENHYPEN #ENCHELLA2025 sevEN-,experience new era begin exceptional everyone everything especially stage vocals true artists wish best deserve also holiday enhypen enchella seven
NEED THIS JAY PC RN #ENHYPEN #ENCHELLA2025 #COACHELLA2025 https://t.co/4RFPoMaKiV,need jay pc rn enhypen enchella coachella
KEREN BGTT AAAAA PROUD OF YOU GUYSS #COACHELLA2025 #ENCHELLA2025 https://t.co/jNNAzOksGR,keren bgtt aaaaa proud guyss coachella enchella
 Happy Jay Day #ENCHELLA2025 #HappyBirthJAY @ENHYPEN_members,happy jay day enchella happybirthjay
@ENHYPEN I'm so proud of you ENHYPEN you did so amazing can't wait for the new album VAMPIRES IN THE DESERT #ENCHELLA #ENHYPEN #ENCHELLA2025 #COACHELLA2025,im proud enhypen amazing cant wait new album vampires desert enchella coachella
ENGENE's PROUD OF YOU ALL!!! #ENHYPEN #ENCHELLA #ENCHELLA2025 https://t.co/dcny9Z1Rdq,engenes proud enhypen enchella
@cielinfin WE'RE SO PROUD OF YOU ENHA #ENHYPEN #ENCHELLA #ENCHELLA2025 #COACHELLA2025,proud enha enhypen enchella coachella
me bc I wake up late #ENCHELLA #ENHYPEN #ENCHELLA2025 https://t.co/v8WI385Ei2,bc wake late enchella enhypen
THOSE MF #ENCHELLA #ENCHELLA2025 #ENHYPEN #ENHYPENinCoachella #ENHYPENCOMEBACK #DESIRE_UNLEASH https://t.co/UxKXeRfBQQ,mf enchella enhypen enhypenincoachella enhypencomeback desireunleash
Fck he's soooo hot #SUNGHOONRulesCoachella #SUNGHOON #ENCHELLA #ENCHELLA2025 #COACHELLA2025 https://t.co/lud50YDxQU,fck hes soooo hot sunghoonrulescoachella sunghoon enchella coachella
Omggg THANK YOU YEEES ... shout out to the user @lovie_ikeuu on tt love ya #ENHYPEN #ENCHELLA2025 #ENCHELLA #DESIRE_UNLEASH https://t.co/Fpq0ifYLe2,omggg thank yeees shout user tt love ya enhypen enchella desireunleash
no but i legit started tweaking when jake said my ladies #ENCHELLA #ENCHELLA2025 #ENHYPEN #COACHELLA2025,legit started tweaking jake said ladies enchella enhypen coachella
@shnpolaris youre so right trust #ENCHELLA #ENCHELLA2025 #ENHYPEN #COACHELLA2025,youre right trust enchella enhypen coachella
whoever put jake in a red jacket needs a raise. #ENCHELLA #ENCHELLA2025 #ENHYPEN_JAKE https://t.co/RDWp3qJt8b,whoever put jake red jacket needs raise enchella enhypenjake
ENGENES here me out. what if we will get a continuation of this pov from FEVER next cb? plus they put 'FUEL THE FEVER' on the led also. i'm alr seated #ENHYPEN #ENCHELLA2025 #ENCHELLA https://t.co/o8Z8SvlSOG,engenes get continuation pov fever next cb plus put fuel led also im alr seated enhypen enchella
So the one performance i coudnt stay wake was the one you decided to go all freak? #ENCHELLA2025 #ENHYPEN,one performance coudnt stay wake decided go freak enchella enhypen
Like paradox like paradox like paradox No paradox no paradox no paradox they served so hard #ENCHELLA #ENHYPEN #ENCHELLA2025 https://t.co/mk6TJtngrQ,like paradox served hard enchella enhypen
he s so ethereal here #JAKE #ENCHELLA2025 https://t.co/aSQZzYrjyt,ethereal jake enchella
250419 Coachella week2 #JUNGWON #엔하이픈 #ENHYPEN #coachella2025 #ENCHELLA2025 https://t.co/97SB1SyUKC,coachella week jungwon enhypen enchella
Moments me and my friends watching ENHYPEN live Coachella #ENCHELLA #ENCHELLA2025 #ENHYPEN https://t.co/5HG6oYKm2D,moments friends watching enhypen live coachella enchella
#ENCHELLA2025 week 2 I'm SPEECHLESS our boys ATE DOWNNN #ENHYPEN,enchella week im speechless boys ate downnn enhypen
Make some noise! Still as hot and amazing as ever #ENHYPEN #ENHYPEN_JAKE #ENHYPEN_JAY #ENHYPEN_HEESEUNG #ENHYPEN_SUNOO #ENCHELLA #ENCHELLA2025 #Coachella #COACHELLA2025 @ENHYPEN @ENHYPEN_members @coachella https://t.co/KsNfcRhetU,make noise still hot amazing ever enhypen enhypenjake enhypenjay enhypenheeseung enhypensunoo enchella coachella
my prince️ #ENHYPEN_JAKE #ENCHELLA2025 #JAKE https://t.co/WJeYkEeMTm,prince enhypenjake enchella jake
Make some noise! Still as hot and amazing as ever #ENHYPEN #ENHYPEN_JUNGWON #Jungwon #ENHYPEN_SUNGHOON #Sunghoon #ENHYPEN_NI_KI #NI_KI #ENCHELLA #ENCHELLA2025 #Coachella #Coachella2025 @coachella @ENHYPEN @ENHYPEN_members https://t.co/xr0e5pkWiB,make noise still hot amazing ever enhypen enhypenjungwon jungwon enhypensunghoon sunghoon enhypenniki niki enchella coachella
https://t.co/q5VCjQZ7hv IM NEVER GETTING OVER THIS. #ENHYPEN #ENCHELLA2025,im never getting enhypen enchella
THE OUTFITS FOR THIS WEEK OMG #ENCHELLA #ENCHELLA2025,outfits week omg enchella
You did so well and nailed it #SUNOO #SUNOO #ENHYPEN #ENCHELLA #ENCHELLA2025,well nailed sunoo enhypen enchella
OH IT WAS SHAKING JAY TRUST ME #ENCHELLA #ENHYPEN #ENHYPEN_JAY #ENCHELLA2025 #ENGENE https://t.co/HS0x4O73Ro,oh shaking jay trust enchella enhypen enhypenjay engene
@ENHYPEN Good job enhypen You so amazing ️️ #ENHYPEN #ENCHELLA #ENCHELLA2025,good job enhypen amazing enchella
#LISA and #ENHYPEN's #Niki &amp; #Jay look so hawt vibing to FUTW backstage at Coachella in new TikTok!️️️‍ ROCKSTAR LISA COACHELLA #LISACHELLA #ENCHELLA #ENCHELLA2025 https://t.co/8fVXoLwi63,lisa enhypens niki amp jay look hawt vibing futw backstage coachella new tiktok rockstar lisachella enchella
JAKE WHAT IS THIS BEHAVIOUR #ENHYPEN #ENCHELLA #JAKE #ENCHELLA2025,jake behaviour enhypen enchella
@AboutMusicYT darling #ENCHELLA #ENHYPEN #ENCHELLA2025,darling enchella enhypen
@ENHYPEN SO PROUD OF YOU GUYS #ENCHELLA #ENCHELLA2025 #ENHYPEN #Coachella2025,proud guys enchella enhypen coachella
jake i am not okay #ENCHELLA2025 #ENHYPEN_JAKE #COACHELLA2025 https://t.co/XUEf8OaAY1,jake okay enchella enhypenjake coachella
Happy Birthday to Jake's Jay-ahhh You were on fire at that Coachella stage Jayyy!! #ENCHELLA #ENCHELLA2025 #Coachella2025Enhypen #ENHYPEN https://t.co/zXdudwuH5i,happy birthday jakes jayahhh fire coachella stage jayyy enchella coachellaenhypen enhypen
@aupiums That's Jake from Enhypen #ENCHELLA #ENHYPEN #ENCHELLA2025,thats jake enhypen enchella
Keuchella w2 is fucking crazy y all !! Part - 4 #JAKE #제이크 #ENHYPEN #엔하이픈 #ENCHELLA2025 #COACHELLA2025 https://t.co/y6IsGZPyek,keuchella w fucking crazy part jake enhypen enchella coachella
In the rhythm of life your smile is my favorite melody #낭만깜고_락스타_종성데이 #WeavingOurFateswithJAY #HappyBirthJAY #Coachella2025 #enhypencoachella #ENCHELLA #ENCHELLA2025 #JAY #제이 #ジェイ #ENHYPEN_JAY #엔하이픈_제이 #ENHYPEN #엔하이픈 #エンハイプン https://t.co/XkEYVTmwJY,rhythm life smile favorite melody weavingourfateswithjay happybirthjay coachella enhypencoachella enchella jay enhypenjay enhypen
@ENHYPEN You did so well my love proud of you always! &lt;3 ENHYPEN VAMPS UP COACHELLA #ENHYPENinCoachella #ENCHELLA2025 #COACHELLA,well love proud always lt enhypen vamps coachella enhypenincoachella enchella
@wonierkvs #ENHYPEN #ENCHELLA #ENCHELLA2025 #COCHELLA2025 #ENHYPEN_JUNGWON The man does everything righttt; leader singer dancer cute hot fake maknae,enhypen enchella cochella enhypenjungwon man everything righttt leader singer dancer cute hot fake maknae
Whatever path you choose to take I'll always go with you walk with you side by side..promise!! HAPPY BIRTHDAY JAY!! #ENHYPEN_JAY #ENCHELLA2025 #ENCHELLA #Coachella2025 https://t.co/svn4jwrZNC,whatever path choose take ill always go walk side sidepromise happy birthday jay enhypenjay enchella coachella
Just manifesting endless TikTok content from their 2 weeks in LA ️ and I better see Tiktoker jay #ENCHELLA #ENHYPEN #ENCHELLA2025 #DESIRE_UNLEASH,manifesting endless tiktok content weeks la better see tiktoker jay enchella enhypen desireunleash
@ENHYPEN My sevEN you did a great job I love you ️ stay healthy and safe I hope to see you soon!! #ENHYPEN #Coachella2025 #Coachella2025Enhypen #ENCHELLA #ENCHELLA2025,seven great job love stay healthy safe hope see soon enhypen coachella coachellaenhypen enchella
JAYYYY THANKSFOR COMING #낭만깜고_락스타_종성데이 #WeavingOurFateswithJAY #HappyBirthJAY #Coachella2025 #enhypencoachella #ENCHELLA #ENCHELLA2025 #JAY #제이 #ジェイ #ENHYPEN_JAY #엔하이픈_제이 #ENHYPEN #엔하이픈 #エンハイプン https://t.co/hy5Ebl0K6k,jayyyy thanksfor coming weavingourfateswithjay happybirthjay coachella enhypencoachella enchella jay enhypenjay enhypen
happiest birthday jongseong forever grateful for your existence. keep shining rockstar! ‍⬛ #ENHYPEN_JAY #ENCHELLA2025 https://t.co/trw5NGsysJ,happiest birthday jongseong forever grateful existence keep shining rockstar enhypenjay enchella
@ENHYPEN Thank you for such an amazing performance (as always) @ENHYPEN_members! I'll always be proud of you all! Love you~ ENHYPEN VAMPS UP COACHELLA #ENHYPENinCoachella #ENCHELLA2025 #COACHELLA,thank amazing performance always ill proud love enhypen vamps coachella enhypenincoachella enchella
The amount of the live viewers during Jay s bday live on weverse after Coachella is CRAZYY!!! 665K VIEWERS!!! #ENCHELLA2025 #ENHYPEN https://t.co/mdZPHBd3UL,amount live viewers jay bday weverse coachella crazyy k enchella enhypen
@ENHYPEN This outfit️‍ ENHYPEN VAMPS UP COACHELLA #ENHYPENinCoachella #ENCHELLA2025 #COACHELLA,outfit enhypen vamps coachella enhypenincoachella enchella
@farrsheeeee wish me luck #ENCHELLA2025 https://t.co/QfumnF42V5,wish luck enchella
DESIRE:UNLEASH 2025.06.05!! #ENCHELLA #ENCHELLA2025 #ENHYPEN #COACHELLA #COACHELLA2025,desireunleash enchella enhypen coachella
SO PROUD OF YOU GUYS @ENHYPEN_members THANK YOU SO MUCH FOR THE AMAZING STAGE SHOUT OUT TO ENHYPEN!!!! #ENCHELLA #ENHYPEN #ENCHELLA2025 https://t.co/cpLq0ungQp,proud guys thank much amazing stage shout enhypen enchella
i am so proud of you my sevennnnn yall did so great for the two coachella performances #ENCHELLA2025 #ENHYPEN https://t.co/r6o771BG7O,proud sevennnnn yall great two coachella performances enchella enhypen
@ENHYPEN You guys 8 #ENCHELLA2025 ,guys enchella
@penghonie #ENHYPEN #ENCHELLA #ENCHELLA2025 #COCHELLA2025 Its gonna be more than a chaccone now,enhypen enchella cochella gon na chaccone
My OT7 #ENHYPEN #ENCHELLA #ENCHELLA2025 #Coachella2025 https://t.co/Fb2gYLGoV0,ot enhypen enchella coachella
I got bias wrecked by my own bias ??? #ENCHELLA #ENCHELLA2025,got bias wrecked enchella
@ENHYPEN YOU NAILED IT MY 7 GREAT PERFORMANCE ENHYPEN VAMPS UP COACHELLA #ENHYPENinCoachella #ENCHELLA2025 #COACHELLA,nailed great performance enhypen vamps coachella enhypenincoachella enchella
250419 Coachella Week2 #제이 #ENHYPEN_JAY #ENHYPEN #JAY #ジェイ #박종성 #엔하이픈 #COACHELLA #Coachella2025 #ENCHELLA #ENCHELLA2025 #HAPPY_JAY_DAY #쫑쫑쫑_쫑냥이_생일이다옹 #엔진만의_락스타_포레버 https://t.co/emSwk6l5ho,coachella week enhypenjay enhypen jay enchella happyjayday
Keuchella w2 is fucking crazy y all !! Part - 3 #JAKE #제이크 #ENHYPEN #엔하이픈 #ENCHELLA2025 #COACHELLA2025 https://t.co/FzfsmihH6g,keuchella w fucking crazy part jake enhypen enchella coachella
Sunghoon whatt #sunghoon #ENCHELLA2025 https://t.co/GFpLEsIsZS,sunghoon whatt enchella
@jayhoonsgf Our rockstar #ENCHELLA #ENHYPEN #ENHYPEN_JAY #ENCHELLA2025 #Coachella2025,rockstar enchella enhypen enhypenjay coachella
My rockstar is live Birthday boy Proud of my baby #ENHYPEN #ENHYPEN_members #ENHYPEN_JAY #ENCHELLA2025 #Coachella2025 https://t.co/W2BbiyktHb,rockstar live birthday boy proud baby enhypen enhypenmembers enhypenjay enchella coachella
@ENHYPEN_Charts #ENCHELLA #Coachella2025 #ENCHELLA2025 they did a amazing performance there! I'm really happy and proud of them,enchella coachella amazing performance im really happy proud
@heeyunkiarchive #ENCHELLA #ENCHELLA2025 #Coachella2025 I'M REALLY PROUD OF THEM! THEY DID AMAZING!!!!,enchella coachella im really proud amazing
They were probs on some zaza today on stage #ENCHELLA #ENHYPEN #ENCHELLA2025,probs zaza today stage enchella enhypen
something new again?!??! WE RE SO READY FOR WHATS ABOUT TO COME ️‍️‍ #ENHYPEN #ENCHELLA2025,something new ready whats come enhypen enchella
Keuchella w2 is fucking crazy y all !! Part - 2 #JAKE #제이크 #ENHYPEN #엔하이픈 #ENCHELLA2025 #COACHELLA2025 https://t.co/diuAQI1g1v,keuchella w fucking crazy part jake enhypen enchella coachella
HAHHAHAHAHAHA #ENHYPEN #COACHELLA2025 #ENCHELLA2025,hahhahahahaha enhypen coachella enchella
What have I said never give up ygm‍️ #ENCHELLA #ENHYPEN #ENCHELLA2025 https://t.co/jsq0W4wsHu,said never give ygm enchella enhypen
MY BABY BLEW ME A KISS #ENCHELLA #ENCHELLA2025 #ENHYPEN https://t.co/tyKvw9cDRv,baby blew kiss enchella enhypen
me when I see enhypen: #ENCHELLA #ENCHELLA2025 #ENHYPEN https://t.co/pbMnHZJ0mc,see enhypen enchella
250419 Coachella Week2 #제이 #ENHYPEN_JAY #ENHYPEN #JAY #ジェイ #박종성 #엔하이픈 #COACHELLA #Coachella2025 #ENCHELLA #ENCHELLA2025 #HAPPY_JAY_DAY #쫑쫑쫑_쫑냥이_생일이다옹 #엔진만의_락스타_포레버 https://t.co/1ThXDENbIS,coachella week enhypenjay enhypen jay enchella happyjayday
puppy banget jake #ENHYPEN_JAKE #ENHYPEN #ENCHELLA2025 #ENCHELLA #ENHYPENinCoachella https://t.co/2BCNf7yaDy,puppy banget jake enhypenjake enhypen enchella enhypenincoachella
@flowrjk SUNOO REIGNS COACHELLA #NOOCHELLA #SUNOO #ENCHELLA2025 #ENCHELLA #COACHELLA2025,sunoo reigns coachella noochella enchella
i had a blast tonight first time seeing enhypen i have like 30 videos #ENHYPEN #ENHYPEN_JAY #ENCHELLA #ENCHELLA2025 https://t.co/zVwNocpcLu,blast tonight first time seeing enhypen like videos enhypenjay enchella
Keuchella w2 is fucking crazy y all !! Part - 1 #JAKE #제이크 #ENHYPEN #엔하이픈 #ENCHELLA2025 #COACHELLA2025 https://t.co/UTRDXOi5ms,keuchella w fucking crazy part jake enhypen enchella coachella
our rockstar ace #heeseung #희승 #enchella #enchella2025 https://t.co/MvuymRYtSh,rockstar ace heeseung enchella
IM SPEECHLESSS WTFF THEY WERE ON FIRE LOVE U ALWAYS MY ENHA @ENHYPEN_members #ENCHELLA #ENCHELLA2025 #COACHELLA https://t.co/ycxmmZ48sN,im speechlesss wtff fire love u always enha enchella coachella
No you can touch me and my legs said ready. #ENCHELLA2025 #ENCHELLA #SUNGHOON https://t.co/Np6sdn2KFY,touch legs said ready enchella sunghoon
VAMPIRE HEESEUNG IS REAL! IM GOING CRAZY RN! HE'S FUCKING HOT TODAY!!!!!!!!️‍️‍️‍️‍️‍️‍️‍️‍️‍ #ENCHELLA #Coachella2025 #ENCHELLA2025 https://t.co/jc3COKMwxZ,vampire heeseung real im going crazy rn hes fucking hot today enchella coachella
OUR BDAY BOY IS HERE !! #ENCHELLA2025 #Coachella2025 #JAYCHELLA https://t.co/3fx4BdVOu4,bday boy enchella coachella jaychella
@AboutMusicYT JAY ROCKS THE VALLEY #ENHYPEN_JAY #JAYatCOACHELLA #ENCHELLA2025,jay rocks valley enhypenjay jayatcoachella enchella
happiest birthday rockstar! #ENHYPEN #ENHYPEN_JAY #ENCHELLA2025 https://t.co/Ycx7rPKzaM,happiest birthday rockstar enhypen enhypenjay enchella
@woncattos the short haired mochi!!! #ENCHELLA #ENCHELLA2025 #ENHYPEN,short haired mochi enchella enhypen
hksjskdb this is so cheesy and corny but i can t help it i can t put into words how amazing they all are. my seven i am and will always so proud of you all. you were all born to be performers. #ENCHELLA2025 #ENHYPEN @ENHYPEN_members,hksjskdb cheesy corny help put words amazing seven always proud born performers enchella enhypen
ILLIT debut in coachella is insane like GIRL? U GUYS DO AMAZING the crowd for ILLIT in this unreleased song is INSANE I NEED FULL VERSIONS OF IT #ILLIT #ENCHELLA2025 #ENCHELLA #ENHYPEN #ENHYPENinCoachella #GLLIT #ENGENE https://t.co/i9VgKicVk0,illit debut coachella insane like girl u guys amazing crowd unreleased song need full versions enchella enhypen enhypenincoachella gllit engene
Available on Amazon https://t.co/jOEB4AIh9J #WrestleMania41 #ENCHELLA #ENCHELLA2025 #ENHYPEN #ENHYPEN_JAY #ENHYPEN_JAKE #ENHYPEN #Coachella2025,available amazon wrestlemania enchella enhypen enhypenjay enhypenjake coachella
@TheePopCore im so proud #ENCHELLA #ENHYPEN #ENCHELLA2025 #Coachella2025,im proud enchella enhypen coachella
@alloverthegrid The blond one is jungwon the leader and red leather is jake sour aussie boy #ENCHELLA2025 #ENHYPEN #ENCHELLA,blond one jungwon leader red leather jake sour aussie boy enchella enhypen
250420_ENCHELLA 2025_Week 2 #ENHYPEN #ENHYPEN_JAY #JAY #ENCHELLA #ENCHELLA2025 https://t.co/buu9TjOLei,enchella week enhypen enhypenjay jay
my RIKI #ENCHELLA #ENCHELLA2025 #NI_KI https://t.co/yWdwHQOv0f,riki enchella niki
Istg this man is dangerous #ENCHELLA2025 https://t.co/q2rMBmPpuB,istg man dangerous enchella
ILLIT 'Psycho Teddy' unreleased remake song live in COACHELLA 2025 #ENCHELLA2025 #ENCHELLA #coachella_2025 #ILLIT Minju : 'coachella LETS GO' ️ https://t.co/HMsbQpkfe0,illit psycho teddy unreleased remake song live coachella enchella minju lets go
My cute jungwon #ENCHELLA #ENCHELLA2025 https://t.co/2aqobnvLYS,cute jungwon enchella
I can t wait for the ot7 live now #ENHYPEN #ENCHELLA #Coachella2025 #ENCHELLA2025,wait ot live enhypen enchella coachella
WELCOME BACK DARK BLOOD ERA bUT DARKER AND SEXIER im nOT rEaDY bUT iM ReadY #ENHYPEN #ENCHELLA #ENCHELLA2025 #COACHELLA2025 https://t.co/qqL0fmYRA6,welcome back dark blood era darker sexier im ready enhypen enchella coachella
They are the best softest kindest humble and down to earth bg. I love you Enha ️ we ll definitely miss this interaction with the backup dancers. #ENHYPEN #ENCHELLA #ENCHELLA2025 https://t.co/LKfQeXzSDT,best softest kindest humble earth bg love enha definitely miss interaction backup dancers enhypen enchella
My seven️‍ #ENCHELLA2025 #ENHYPEN #ENCHELLA https://t.co/530EEfL0Hd,seven enchella enhypen
Happy Birthday Rockstar Jay #HappyBirthJAY #ENHYPEN_JAY #ENCHELLA #ENCHELLA2025 #COACHELLA2025 https://t.co/0P8XCM3qpe,happy birthday rockstar jay happybirthjay enhypenjay enchella coachella
@heeyunkiarchive @GlxtteryH ENHYPEN IS THE FUTURE OF KPOP THE VAMPIRES ATE DOWN COACHELLA #ENHYPEN #ENCHELLA #ENCHELLA2025 #Coachella2025 #enhypencoachella forever proud of my seven vampires ,enhypen future kpop vampires ate coachella enchella enhypencoachella forever proud seven
#ENHYPEN next? lollapalooza #ENCHELLA #ENCHELLA2025,enhypen next lollapalooza enchella
ENHYPEN COMEBACK 2025.06.05 DESITE:UNLEASH #Coachella2025 #ENCHELLA #ENCHELLA2025 https://t.co/zxTE5T2df7,enhypen comeback desiteunleash coachella enchella
us: can you pose w our flag? it s his birthday today! security: [you mean] tomorrow us: ok engene security: dw I know #enchella #enchella2025 https://t.co/2LUVZcOcuN,us pose w flag birthday today security mean tomorrow ok engene dw know enchella
@aupiums JAKE THE DISNEY PRINCE️‍#JAKE #JAKE_ENHYPEN #ENCHELLA2025,jake disney princejake jakeenhypen enchella
&lt; DESIRE : UNLEASH &gt; Can t touch you but I m gonna make you mine. ️‍ 06.05.2025 #ENCHELLA #ENCHELLA2025 #ENHYPEN https://t.co/uNorwcebjg,lt desire unleash gt touch gon na make mine enchella enhypen
Ni-ki at 19 years old is already an icon and a great artist Ni-ki is really too cool #ENHYPEN #ENCHELLA2025 #COACHELLA2025 #ENHYPEN_NI_KI,niki years old already icon great artist really cool enhypen enchella coachella enhypenniki
ORGIIIILLLLLLL STREEESSSS #ENHYPEN #ENHYPEN_JAKE #ENCHELLA2025 #Coachella2025,orgiiiilllllll streeessss enhypen enhypenjake enchella coachella
NISHIMURA RIKI IS SO FUCKING HOT FUCK #NI_KI #ENCHELLA #ENCHELLA2025 https://t.co/6FsJCLorot,nishimura riki fucking hot fuck niki enchella
no lube no protection all night all day. from the kitchen counter to the dining table. from the dining table to the bedroom. from the bathroom sink to the shower. from the shower to the balcony. vertically horizontally quadratic #ENCHELLA2025,lube protection night day kitchen counter dining table bedroom bathroom sink shower balcony vertically horizontally quadratic enchella
had the best night at enha i'm so grateful i was able to be there to witness it #ENCHELLA2025 #ENCHELLA #Coachella2025 https://t.co/2JvsJ8XteR,best night enha im grateful able witness enchella coachella
GUYS WHAT THE FUCK #ENHYPEN #ENCHELLA #ENCHELLA2025 https://t.co/LiK5q9lgjo,guys fuck enhypen enchella
@slovesjsm LET S GOOO #ENCHELLA #ENCHELLA2025 #ENHYPEN,let gooo enchella enhypen
OTSEVEN OFMGGGG THE FITSSSS ️‍ #ENCHELLA2025 #ENHYPEN https://t.co/YdP7ibmToh,otseven ofmgggg fitssss enchella enhypen
OTSEVEN OFMGGGG THE FITSSSS ️‍ #ENHYPEN #ENCHELLA2025 #ENGENE https://t.co/ylKlDA24Wb,otseven ofmgggg fitssss enhypen enchella engene
Imagine announcing a comeback at coachella. That's crazy to another level. #ENCHELLA #ENCHELLA2025 #ENHYPEN,imagine announcing comeback coachella thats crazy another level enchella enhypen
My boys absolutely crushed Coachella #Coachella2025 #ENHYPEN #ENCHELLA2025 @ENHYPEN_members https://t.co/hfFoSqWgcr,boys absolutely crushed coachella enhypen enchella
Jake impact #ENHYPEN_JAKE #ENHYPEN #ENCHELLA2025 #Coachella2025 https://t.co/EivQrb2Cti,jake impact enhypenjake enhypen enchella coachella
#ENHYPEN #ENCHELLA #ENCHELLA2025 #Coachella2025 #COACHELLA HIS BICEPS OMGG https://t.co/wB6X9MOLM7,enhypen enchella coachella biceps omgg
Jay s side view face is so FINE #ENCHELLA2025 #ENHYPEN_JAY #ENHYPEN https://t.co/KH33BdG5lL,jay side view face fine enchella enhypenjay enhypen
HOLY FCK SIM JAEYUNNN #ENHYPEN #ENCHELLA2025 #Coachella2025,holy fck sim jaeyunnn enhypen enchella coachella
250419 Coachella Week2 #JAY #제이 #박종성 #ジェイ #ENHYPEN_JAY #엔하이픈_제이 #ENHYPEN #엔하이픈 #エンハイプン #COACHELLA2025 #ENCHELLA2025 https://t.co/O6g61KyEG9,coachella week jay enhypenjay enhypen enchella
#ENHYPEN #ENCHELLA #ENCHELLA2025 #Coachella2025 #COACHELLA glamorous️‍ https://t.co/DtqqDdurUO,enhypen enchella coachella glamorous
ENHYPEN Sends Fans into a Frenzy with DESIRE: UNLEASH Announcement at Coachella #ENCHELLA2025 #Coachella2025 https://t.co/LZHWMtfpKC via @theritible,enhypen sends fans frenzy desire unleash announcement coachella enchella via
@AboutMusicYT JAY ROCKS THE VALLEY #ENHYPEN_JAY #JAYatCOACHELLA #ENCHELLA2025 https://t.co/X1iMXZV2yQ,jay rocks valley enhypenjay jayatcoachella enchella
#ENHYPEN #ENCHELLA2025 #ENCHELLA #COACHELLA2025 all4yuns on instagram https://t.co/uqYYFDzXmQ,enhypen enchella coachella allyuns instagram
#ENHYPEN #ENCHELLA #ENCHELLA2025 #Coachella2025 #COACHELLA LOVE THEMMM https://t.co/6cxNIx5gGv,enhypen enchella coachella love themmm
Uhh f*ck it Jake why are you doing this to me?‍️ #ENHYPEN #ENCHELLA2025 #Coachella #ENHYPEN_JAKE #Jakecoachella https://t.co/U69LQ6QG4H,uhh fck jake enhypen enchella coachella enhypenjake jakecoachella
so they re still in heat i see #ENHYPEN #ENCHELLA #ENCHELLA2025,still heat see enhypen enchella
JAKES ARMS OMG #ENCHELLA2025 #JAKE #ENHYPEN_JAKE https://t.co/hzqjBLgWIF,jakes arms omg enchella jake enhypenjake
#ENHYPEN #ENCHELLA #ENCHELLA2025 #COACHELLA #Coachella2025 POCKETZZZ~~ https://t.co/BKtZFDhvA7,enhypen enchella coachella pocketzzz
GGS CONVERTED MY FRIEND TO AN ENGENE. #ENCHELLA2025 #ENHYPEN https://t.co/feI6rV3Rwi,ggs converted friend engene enchella enhypen
THE MOST HANDSOME ATTRACTIVE FINEST MAN ALIVE!!!!!! #ENCHELLA2025 #JAKE #ENHYPEN_JAKE https://t.co/cluhZnh0oA,handsome attractive finest man alive enchella jake enhypenjake
my baby look so hot in week 2 I loveeee youuuu #ENCHELLA2025 #ENHYPEN https://t.co/BHSlR3CsIj,baby look hot week loveeee youuuu enchella enhypen
@starfess proud of you guys!! kalian selalu kerennnn #ENHYPEN #ENCHELLA #ENCHELLA2025 #Coachella #Coachella2025 https://t.co/rqYT8rN0Uq,proud guys kalian selalu kerennnn enhypen enchella coachella
Such a mood... Cute ENHYPEN VAMPS UP COACHELLA #ENHYPENinCoachella #ENCHELLA2025 #COACHELLA,mood cute enhypen vamps coachella enhypenincoachella enchella
#ENHYPEN #ENCHELLA #ENCHELLA2025 #COACHELLA #Coachella2025 HIS BIRTHDAYY https://t.co/aPTSMpMZUc,enhypen enchella coachella birthdayy
@parkhoonstyle Sunghoon with tiffany &amp; co #HOONCHELLA #SUNGHOON #ENCHELLA #ENCHELLA2025,sunghoon tiffany amp co hoonchella enchella
@astrophileyr can someone pls lmk if they go live on weverse I ve only got it on my laptop and dont receive notifications #ENHYPEN #COACHELLA #ENCHELLA #ENCHELLA2025,someone pls lmk go live weverse got laptop dont receive notifications enhypen coachella enchella
all of their outfits had some sort of Catholic and cemetery vibe. IT MIGHT MEAN SOMETHING RIGHT???? #ENHYPEN #ENCHELLA #ENCHELLA2025 #Coachella2025,outfits sort catholic cemetery vibe might mean something right enhypen enchella coachella
#ENHYPEN #ENCHELLA #ENCHELLA2025 #COACHELLA #Coachella2025 #ENHYPEN_NI_KI he atee https://t.co/Gj8A6QEuAt,enhypen enchella coachella enhypenniki atee
The nail polish ? The fit !!!??? Good night yall i'm gonna passed out #ENCHELLA2025 #ENHYPEN,nail polish fit good night yall im gon na passed enchella enhypen
JAKE : ALL MY LADIES OUT THERE~~ #ENCHELLA2025,jake ladies enchella
HELP ! WHY MY CAT IS SO DAMN CUTE #ENHYPEN #Coachella #ENCHELLA2025 https://t.co/92DlLcOBHX,help cat damn cute enhypen coachella enchella
OMGGGGG ENCHELLA'S TRENDING IN MUSIC HEESEUNG AND SUNOO TRENDING TOO #ENCHELLA2025 #Coachella2025 #ENHYPEN https://t.co/RR5UdkS8Ar,omggggg enchellas trending music heeseung sunoo enchella coachella enhypen
obsessed with jungwon s look so i had to edit a jungwon cut of enchella weekend 2 #ENCHELLA2025 #ENCHELLA #ENHYPEN @ENHYPEN @ENHYPEN_members https://t.co/iblaFNLCnn,obsessed jungwon look edit cut enchella weekend enhypen
I swear to god if this is another mini album you will catch this hand be:lift #ENCHELLA2025,swear god another mini album catch hand belift enchella
DAMN #ENCHELLA2025 #Coachella2025 #ENCHELLA #ENHYPEN https://t.co/XySlyGaisP,damn enchella coachella enhypen
#ENHYPEN #ENCHELLA #COACHELLA2025 #ENCHELLA2025 #Coachella2025 my husbandddd https://t.co/6AgClthvAv,enhypen enchella coachella husbandddd
CAN T TOUCH YOU BUT I M GONNA MAKE YOU MINE!! #ENHYPEN #ENCHELLA2025,touch gon na make mine enhypen enchella
SUNOO UNDERCUT HAIR UP OMG don't hide your forehead anymore plz #ENCHELLA2025 #ENCHELLA https://t.co/9HLhaBKF90,sunoo undercut hair omg dont hide forehead anymore plz enchella
250420 Coachella Happy birthday!!! #낭만깜고_락스타_종성데이 #WeavingOurFateswithJAY #HappyBirthJAY #Coachella2025 #enhypencoachella #ENCHELLA #ENCHELLA2025 #JAY #제이 #ジェイ #ENHYPEN_JAY #엔하이픈_제이 #ENHYPEN #엔하이픈 #エンハイプン https://t.co/8Psewu5Ry1,coachella happy birthday weavingourfateswithjay happybirthjay enhypencoachella enchella jay enhypenjay enhypen
so so so proud of enhypen #ENCHELLA #ENCHELLA2025 https://t.co/DpI4lGoZJS,proud enhypen enchella
THE POWER OF ENHYPEN!! #ENCHELLA2025 #ENCHELLA #ENHYPEN #Coachella2025,power enhypen enchella coachella
@ailynef_ Back to reality mulung again ENHYPEN VAMPS UP COACHELLA #ENHYPENinCoachella #ENCHELLA2025 #COACHELLA,back reality mulung enhypen vamps coachella enhypenincoachella enchella
Kiss me Don't let go WTF !! #ENHYPEN #Coachella #ENCHELLA2025 https://t.co/8y07dKbP9U,kiss dont let go wtf enhypen coachella enchella
THANK YOU ENHYPEN FOR GIVING US YOUR BEST AND THE BEST PERFORMANCE AT COACHELLA #ENHYPEN #ENCHELLA #ENCHELLA2025,thank enhypen giving us best performance coachella enchella
And I'm proud to announce you.. that #ENHYPEN made another HISTORY! SO PROUD OF YOUUUU ALLLL #ENHYPEN #ENCHELLA2025 #ENCHELLA !! https://t.co/9eXKvLY5om,im proud announce enhypen made another history youuuu allll enchella
 Alright Coachella it s our last one. Let s fucking take it all the way y all! I just knew Jake would end up swearing on their second weekend HAHAHAHAHAHAHA #ENHYPEN #JAKE #ENCHELLA2025 #ENCHELLA https://t.co/ngZVVmjckg,alright coachella last one let fucking take way knew jake would end swearing second weekend hahahahahahaha enhypen enchella
Enhypen showed what it is to burn up the stage !!!!! #ENCHELLA2025 #ENHYPEN #Coachella2025,enhypen showed burn stage enchella coachella
#ENHYPEN #ENCHELLA #COACHELLA2025 #Coachella2025 #ENCHELLA2025 THEY ATEEEEEE https://t.co/aoN3WaHHmr,enhypen enchella coachella ateeeeee
Oh the world is about to go crazier for you Enhypen.. the world is not ready for you #ENCHELLA2025 #ENHYPEN #Coachella2025,oh world go crazier enhypen ready enchella coachella
I M ALREADY YOURS!!! #ENCHELLA #ENCHELLA2025 #Coachella2025Enhypen #Coachella25 https://t.co/pyiSXqXzIW,already enchella coachellaenhypen coachella
ikeuchella today was insane #JAKE #ENCHELLA2025 #ENCHELLA #Coachella2025 #제이크 https://t.co/nJTnUlKEor,ikeuchella today insane jake enchella coachella
WHOO LOVEE THISS MANNNN?!?!?!?! #ENCHELLA #ENHYPEN_SUNGHOON #ENHYPEN #ENCHELLA2025 https://t.co/uxrp4HAx3b,whoo lovee thiss mannnn enchella enhypensunghoon enhypen
@jakewon_stars DESIRE #ENCHELLA2025 #COACHELLA #ENHYPEN,desire enchella coachella enhypen
THIS OUTFIT AND HAIRSTYLES OF JAKE!! HE MAKES ME CRAZY #JAKE #ENHYPEN_JAKE #ENCHELLA #ENCHELLA2025 #Coachella2025 https://t.co/vrhsntdPUa,outfit hairstyles jake makes crazy enhypenjake enchella coachella
250419 Coachella Birthday Boy at Coachella #HappyBirthJAY #JAYatCOACHELLA #ENCHELLA #ENCHELLA2025 #JAY #제이 #ジェイ #ENHYPEN #엔하이픈 #エンハイプン https://t.co/nqUC4VLAih,coachella birthday boy happybirthjay jayatcoachella enchella jay enhypen
@forenhaz TEETH #ENCHELLA #ENHYPEN #ENCHELLA2025,teeth enchella enhypen
250419 Coachella Week2 #제이 #ENHYPEN_JAY #ENHYPEN #JAY #ジェイ #박종성 #엔하이픈 #COACHELLA #Coachella2025 #ENCHELLA #ENCHELLA2025 #HAPPY_JAY_DAY #쫑쫑쫑_쫑냥이_생일이다옹 #엔진만의_락스타_포레버 https://t.co/wSa1cnPcYM,coachella week enhypenjay enhypen jay enchella happyjayday
@forenhaz NO PUEDO ENTRE DRUNK DAZED Y BTHB #ENCHELLA #ENHYPEN #ENCHELLA2025,puedo entre drunk dazed bthb enchella enhypen
my body had a physical reaction to this clip #Coachella2025 #ENHYPEN #ENCHELLA2025 #ENHYPEN_SUNGHOON #ENCHELLA,body physical reaction clip coachella enhypen enchella enhypensunghoon
ENCHELLA camera man hates yall from last week so they decided to show the freaking crowd !!! #ENCHELLA2025 #ENHYPEN #Coachella2025,enchella camera man hates yall last week decided show freaking crowd enhypen coachella
@TheePopCore Yeahhh #ENCHELLA2025 #ENCHELLA #ENHYPEN,yeahhh enchella enhypen
JAY ROCKS THE VALLEY #ENHYPEN_JAY #JAYatCOACHELLA #ENCHELLA2025,jay rocks valley enhypenjay jayatcoachella enchella
@forenhaz FUTURE PERFECT #ENCHELLA #ENHYPEN #ENCHELLA2025,future perfect enchella enhypen
@enhapopbase LETS KEEP GOINF #ENCHELLA #ENCHELLA2025 #ENHYPEN,lets keep goinf enchella enhypen
@forenhaz BLESSED-CURSED #ENCHELLA #ENHYPEN #ENCHELLA2025,blessedcursed enchella enhypen
that's the spirittt ENHYPEN VAMPS UP COACHELLA #ENHYPENinCoachella #ENCHELLA2025 #COACHELLA,thats spirittt enhypen vamps coachella enhypenincoachella enchella
you did so great @ENHYPEN_members !!! ENHYPEN VAMPS UP COACHELLA #ENHYPENinCoachella #ENCHELLA2025 #COACHELLA️‍,great enhypen vamps coachella enhypenincoachella enchella
red hair guy is so fine #heeseung #ENCHELLA2025 https://t.co/HxwHdRKPDO,red hair guy fine heeseung enchella
THIS MAN IS SO HAWT #NI_KI #니키 #ENCHELLA #ENCHELLA2025 #ENHYPEN #엔하이픈 #Coachella2025 https://t.co/JdHPKhhxP1,man hawt niki enchella enhypen coachella
Ni-ki killed the stage literally gave it his all #ENHYPEN #ENCHELLA2025 #Coachella2025 #ENHYPEN_NI_KI,niki killed stage literally gave enhypen enchella coachella enhypenniki
You are absolutely right this man is such an addictive danger. #NI_KI #ENCHELLA #ENCHELLA2025 https://t.co/iZM52jOvhs,absolutely right man addictive danger niki enchella
Engenes it's time to lock in. Go and collect for the comeback!! #ENHYPEN #ENCHELLA2025,engenes time lock go collect comeback enhypen enchella
that s enough enha for today I need to breathe #ENCHELLA2025,enough enha today need breathe enchella
@enchartsmaster thank you enhypen! ENHYPEN VAMPS UP COACHELLA #ENHYPENinCoachella #ENCHELLA2025 #COACHELLA,thank enhypen vamps coachella enhypenincoachella enchella
#ENCHELLA2025 #ENHYPEN I missed the live broadcast because I fell asleep last night. Where can I watch the full broadcast? Can you offer any suggestions?,enchella enhypen missed live broadcast fell asleep last night watch full offer suggestions
@midnikeu LET SSSSS GOOOO #ENCHELLA #ENHYPEN #ENCHELLA2025 #Coachella2025,let sssss goooo enchella enhypen coachella
20/04/25 you had to be there. One for En-ville history #ENHYPEN #ENCHELLA #enchella2025,one enville history enhypen enchella
HAPPY BIRTHDAY TO OUR JAY #ENHYPEN #ENCHELLA2025 #Coachella2025 #ENHYPEN_JAY,happy birthday jay enhypen enchella coachella enhypenjay
250419 Coachella Week2 #제이 #ENHYPEN_JAY #ENHYPEN #JAY #ジェイ #박종성 #엔하이픈 #COACHELLA #Coachella2025 #ENCHELLA #ENCHELLA2025 #HAPPY_JAY_DAY #쫑쫑쫑_쫑냥이_생일이다옹 #엔진만의_락스타_포레버 https://t.co/A3b2XxJLwN,coachella week enhypenjay enhypen jay enchella happyjayday
I need to cleanse my eyes after all these thirst tweets on my feed #ENCHELLA2025,need cleanse eyes thirst tweets feed enchella
TODAY WAS SO FUN I LOVE ENHYPEN SO BAD #ENCHELLA #ENCHELLA2025 #Coachella2025 https://t.co/xC4JDcPTHw,today fun love enhypen bad enchella coachella
@pagyearn He's jake from Enhypen. Check them out #ENCHELLA #ENHYPEN #ENCHELLA2025,hes jake enhypen check enchella
@peghoonie So proud to be an engenital #ENHYPEN #ENCHELLA #ENCHELLA2025 #VAMPIRESINTHEDESERT,proud engenital enhypen enchella vampiresinthedesert
Have you watched #ENCHELLA ?? If you did drop the tags and support #ENHYPEN as they'll be releasing a new album!! #ENCHELLA2025 done!! GOODJOBB MY BOYSS I'M SO PROUD OF YOUUUALLL #ENCHELLA #ENHYPEN #Coachella2025 ! (Also let's celebrate our BIRTHDAY BOY!! OUR #ENHYPEN_JAY !!) https://t.co/7bmqIIxPUU,watched enchella drop tags support enhypen theyll releasing new album done goodjobb boyss im proud youuualll coachella also lets celebrate birthday boy enhypenjay
my honest reaction to enchella: #ENHYPENinCoachella #ENCHELLA2025 #COACHELLA #ENHYPEN https://t.co/iyC2fCxDBO,honest reaction enchella enhypenincoachella coachella enhypen
THAT'S OUR JAY #ENCHELLA2025 #ENHYPEN #COACHELLA2025 #ENHYPEN_JAY,thats jay enchella enhypen coachella enhypenjay
THE SLIGHT SWAG SURF OMFGGGGG #ENHYPEN #Coachella2025 #ENCHELLA2025 #ENCHELLA #ENHYPEN_JAKE,slight swag surf omfggggg enhypen coachella enchella enhypenjake
TRENDING WORLD WIDE ENHYPEN VAMPS UP COACHELLA #ENHYPENinCoachella #ENCHELLA2025 #COACHELLA,trending world wide enhypen vamps coachella enhypenincoachella enchella
They sang happy birthday for jayThat impressive️ #ENCHELLA2025 #ENHYPEN #Coachella2025 https://t.co/4Ix96l3Qro,sang happy birthday jaythat impressive enchella enhypen coachella
@moonandenhypen i love them so much #ENCHELLA2025 #COACHELLA2025 #ENHYPEN,love much enchella coachella enhypen
OH LOVE WE RE READY!!!!!!! #ENCHELLA2025 #ENCHELLA #ENHYPEN @ENHYPEN @ENHYPEN_members https://t.co/7EzpJArxEl,oh love ready enchella enhypen
i hope desire : unleash is hornier than dark blood #ENHYPEN #ENCHELLA2025 #COACHELLA,hope desire unleash hornier dark blood enhypen enchella coachella
THE CURSE THAT I JUST LET OUT IM NOT READY FOR BUFF JAKE #ENCHELLA2025 #JAKE #ENHYPEN_JAKE https://t.co/rt2yBqubjA,curse let im ready buff jake enchella enhypenjake
I'M CRYING #Coachella2025 #ENHYPEN #ENCHELLA2025 #ENHYPEN_NI_KI,im crying coachella enhypen enchella enhypenniki
BLOW THAT AIR INTO MY FACEEEEEE #ENHYPEN #ENHYPEN_SUNOO #Coachella2025 #ENCHELLA2025 #ENCHELLA,blow air faceeeeee enhypen enhypensunoo coachella enchella
250419 Coachella week2 #JUNGWON #양정원 #정원 #ジョンウォン #엔하이픈 #ENHYPEN #coachella2025 #ENCHELLA2025 https://t.co/wsXEtjqDFE,coachella week jungwon enhypen enchella
HE HAS COME SO FAR AT SUCH A YOUNG AGE️‍ YOUNGEST MALE K-POP ARTIST TO PERFORM IN COACHELLA NI-KI OF ENHYPEN SO PROUD OF YOU URI MAKNAE NI-KI #NI_KI #ENCHELLA #ENCHELLA2025 #ENHYPEN #Coachella2025 https://t.co/BUq4aISfWS,come far young age youngest male kpop artist perform coachella niki enhypen proud uri maknae enchella
enha i ll love u forever #ENCHELLA #enchella2025,enha love u forever enchella
@dakrblood Drunk-Dazed sister #ENCHELLA2025 #ENHYPEN #VAMPIRESINTHEDESERT #ENCHELLA,drunkdazed sister enchella enhypen vampiresinthedesert
@Koreaboo TELL EM #ENCHELLA2025 #ENCHELLA #ENHYPEN,tell em enchella enhypen
@woncattos They're fking insane for doing this every time ENHYPEN VAMPS UP COACHELLA #ENHYPEN #ENCHELLA #ENCHELLA2025 #Coachella2025,theyre fking insane every time enhypen vamps coachella enchella
Like wth #JUNGWON #ENCHELLA #ENCHELLA2025 #ENHYPEN,like wth jungwon enchella enhypen
So so so proud #JUNGWON #ENCHELLA #ENCHELLA2025 #ENHYPEN,proud jungwon enchella enhypen
That was one of my favorite moments the fact that Jay will also recognize the effort of the band and the dancers speaks to what wonderful people they are In general I will always say that I stand the right group #ENHYPEN #ENCHELLA2025 #Coachella2025,one favorite moments fact jay also recognize effort band dancers speaks wonderful people general always say stand right group enhypen enchella coachella
Like you always do #JUNGWON #ENCHELLA #ENCHELLA2025 #ENHYPEN,like always jungwon enchella enhypen
He s enjoying it #JUNGWON #ENCHELLA #ENCHELLA2025 #ENHYPEN,enjoying jungwon enchella enhypen
@TheePopCore i know that's righttttt #ENCHELLA2025 #ENCHELLA #ENHYPEN,know thats righttttt enchella enhypen
enha s styling today was so good #ENCHELLA #Coachella2025 #ENCHELLA2025,enha styling today good enchella coachella
@en_tashii #ENHYPEN WAMPS UP COACHELLA #ENCHELLA #ENHYPEN #ENCHELLA2025,enhypen wamps coachella enchella
YANG JUNGWON #Coachella2025 #ENCHELLA2025 #ENCHELLA #ENHYPEN #ENHYPEN_JUNGWON,yang jungwon coachella enchella enhypen enhypenjungwon
@alloverthegrid The red hair guy is #HEESEUNG He's the oldest of the grp the main vocalist center an all rounder Ace an incredible dancer and an amazing human. You should give them a try They won't disappoint ENHYPEN VAMPS UP COACHELLA #ENHYPEN #ENCHELLA #ENCHELLA2025 #Coachella2025 https://t.co/FnGoWpJHN0,red hair guy heeseung hes oldest grp main vocalist center rounder ace incredible dancer amazing human give try wont disappoint enhypen vamps coachella enchella
HEARING MOONSTRUCK LIVE WAS CRAZY #ENHYPEN #JUNGWON #SUNGHOON #JAY #ENCHELLA #ENCHELLA2025 https://t.co/7PCc2GMj3p,hearing moonstruck live crazy enhypen jungwon sunghoon jay enchella
The signature flying kiss of Jungwon #JUNGWON #ENCHELLA #ENCHELLA2025 #ENHYPEN,signature flying kiss jungwon enchella enhypen
I love you moonstruck heeseung #heeseung #희승 #enchella #enchella2025 https://t.co/cZPABRir3Y,love moonstruck heeseung enchella
it's gonna be more than a kiss but oh well #Coachella2025 #ENHYPEN #ENCHELLA2025 #ENHYPEN_SUNGHOON #ENCHELLA2025 #ENCHELLA,gon na kiss oh well coachella enhypen enchella enhypensunghoon
MY WONDERFULLY LIKE ROCKSTAR #HAPPYBIRTHDAYJAY #ENHYPEN_JAY #Coachella2025 #ENHYPEN #ENCHELLA2025 #ENCHELLA,wonderfully like rockstar happybirthdayjay enhypenjay coachella enhypen enchella
@heerckstar Bunch of frat boys #ENCHELLA2025 #ENCHELLA #ENHYPEN #VAMPIRESINTHEDESERT,bunch frat boys enchella enhypen vampiresinthedesert
that is a WILDDDD sentence #ENHYPEN #ENHYPEN_HEESEUNG #ENCHELLA2025 #Coachella2025 #ENCHELLA,wildddd sentence enhypen enhypenheeseung enchella coachella
@jakeyclub He's so everything like so cool dayum #ENCHELLA #ENHYPEN #ENCHELLA2025,hes everything like cool dayum enchella enhypen
Baby Won #JUNGWON #ENCHELLA #ENCHELLA2025 #ENHYPEN,baby jungwon enchella enhypen
MY INNER VAMPIRE WILL BE UNLOCKED #Coachella2025 #ENHYPEN #ENCHELLA2025 #ENCHELLA,inner vampire unlocked coachella enhypen enchella
That the right way to announce a comeback #JUNGWON #ENCHELLA #ENCHELLA2025 #ENHYPEN,right way announce comeback jungwon enchella enhypen
We go!!!!!! 7 Seven Kings #ENHYPEN #ENCHELLA2025 #Coachella2025 https://t.co/axYPR3t7gX,go seven kings enhypen enchella coachella
Omg same #JUNGWON #ENCHELLA #ENCHELLA2025 #ENHYPEN,omg jungwon enchella enhypen
@AboutMusicYT His dimples deserve a whole another fandom #JUNGWON is so attractive ENHYPEN VAMPS UP COACHELLA #ENHYPEN #ENCHELLA #ENCHELLA2025 #Coachella2025 #WONCHELLA,dimples deserve whole another fandom jungwon attractive enhypen vamps coachella enchella wonchella
Pre order when? #JUNGWON #ENCHELLA #ENCHELLA2025 #ENHYPEN,pre order jungwon enchella enhypen
HEESEUNG FTWWWW #Coachella2025 #ENHYPEN #ENHYPEN_HEESEUNG #ENCHELLA2025 #ENCHELLA,heeseung ftwwww coachella enhypen enhypenheeseung enchella
As always #JUNGWON #ENCHELLA #ENCHELLA2025 #ENHYPEN,always jungwon enchella enhypen
@ilovjakez Is it ‍️ #ENCHELLA #ENHYPEN #ENCHELLA2025,enchella enhypen
Hahahaha #JUNGWON #ENCHELLA #ENCHELLA2025 #ENHYPEN,hahahaha jungwon enchella enhypen
Small crowd where? ENHYPEN VAMPS UP COACHELLA #ENHYPENinCoachella #ENCHELLA2025 #COACHELLA #Coachella2025 https://t.co/Asj2aBv3PM,small crowd enhypen vamps coachella enhypenincoachella enchella
